album_sheet,number,excel_row,registry_name,doc_number,organization,original_status,found_name,folder,drive_url,original_note,final_status,placeholder,final_note,album_page_start,album_page_end,component_files,sources,archive_candidates
кронштейны,1,6,Паспорт качества на:,№ М-1818 от 06.05.2024 г.,"ООО ""Альтернатива""",ПОДШИТО,Паспорт качества б_№ от 06.05.2024 на кронштейны.pdf,Фасады,https://drive.google.com/file/d/1qPEaLOBYFkHgfXc_A30juxuK4ycLQUrP/view?usp=drivesdk,,НАЙДЕНО И ПОДШИТО,False,,3,4,001__Паспорт качества б_№ от 06.05.2024 на кронштейны.pdf,"[{""path"": ""/home/runner/work/Graf/Graf/.work_sh550/downloads/1qPEaLOBYFkHgfXc_A30juxuK4ycLQUrP_Паспорт качества б_№ от 06.05.2024 на кронштейны.pdf"", ""label"": ""Паспорт качества б_№ от 06.05.2024 на кронштейны.pdf"", ""pages"": [], ""drive_id"": ""1qPEaLOBYFkHgfXc_A30juxuK4ycLQUrP"", ""sha256"": ""1a428054a0a44f91daccb4044ad954040cfd7be91d2f1884746632b27c11c2f3"", ""page_count"": 2}]",
кронштейны,2,21,"Сертификат соответствия на кронштейны, шайбы",№ РОСС RU.НЕ06.Н08901 с 30.06.2023 г. по 29.06.2026 г.,"ООО ""Альтернатива""",НАЙДЕНО В DRIVE / НЕ ВЫГРУЖЕНО В PDF,Серт. соотв. РОСС RU.НЕ06.НО8901 на кронштейны Альтернатива.pdf,Фасады,https://drive.google.com/file/d/1X1K7h2lcr8MEtoKFADuw_c_JQny4wH9U/view?usp=drivesdk,,НАЙДЕНО И ПОДШИТО,False,,5,7,002__Серт. соотв. РОСС RU.НЕ06.НО8901 на кронштейны Альтернатива.pdf,"[{""path"": ""/home/runner/work/Graf/Graf/.work_sh550/downloads/1X1K7h2lcr8MEtoKFADuw_c_JQny4wH9U_Серт. соотв. РОСС RU.НЕ06.НО8901 на кронштейны Альтернатива.pdf"", ""label"": ""Серт. соотв. РОСС RU.НЕ06.НО8901 на кронштейны Альтернатива.pdf"", ""pages"": [], ""drive_id"": ""1X1K7h2lcr8MEtoKFADuw_c_JQny4wH9U"", ""sha256"": ""5e6e07c674ef4c0e8f43d385eda8b3c8d75e6b609ea40d4310cae0d7339dab4d"", ""page_count"": 3}]",
кронштейны,3,22,Паспорт качества на анкер клиновой 10х100,б/н от 16.08.2024 г.,"ООО ""КРЕП-КОМП""",НАЙДЕНО В DRIVE / НЕ ВЫГРУЖЕНО В PDF,"Паспорт качества б_№ на анкер клиновой d=10 мм, L=100 мм.pdf",Фасады,https://drive.google.com/file/d/1MkaBkmJHg1aqHUZygK3Yq26ljWGuNTA6/view?usp=drivesdk,,НАЙДЕНО И ПОДШИТО,False,,8,8,"003__Паспорт качества б_№ на анкер клиновой d=10 мм, L=100 мм.pdf","[{""path"": ""/home/runner/work/Graf/Graf/.work_sh550/downloads/1MkaBkmJHg1aqHUZygK3Yq26ljWGuNTA6_Паспорт качества б_№ на анкер клиновой d=10 мм, L=100 мм.pdf"", ""label"": ""Паспорт качества б_№ на анкер клиновой d=10 мм, L=100 мм.pdf"", ""pages"": [], ""drive_id"": ""1MkaBkmJHg1aqHUZygK3Yq26ljWGuNTA6"", ""sha256"": ""764f859dc7400c2d9c2e9f553f689830c5b0708e4b74bec2f94cd56ff0cd0aab"", ""page_count"": 1}]",
кронштейны,4,23,Сертификат соответствия на крепежные элементы,№ РОСС RU.З2623.ОС03.02703 с 18.07.2023 г. по 17.07.2026 г.,"ООО ""КРЕП-КОМП""",НАЙДЕНО В DRIVE / НЕ ВЫГРУЖЕНО В PDF,Сертификат соответствия №РОСС RU.32623.ОС03.02703 на крепёжные изделия_анкерная техника KREP-KOMP.pdf,Фасады,https://drive.google.com/file/d/1Ta-tvdd7GhjdNc28bpIbiqeBVGxWynfa/view?usp=drivesdk,,НАЙДЕНО И ПОДШИТО,False,,9,9,004__Сертификат соответствия №РОСС RU.32623.ОС03.02703 на крепёжные изделия_анкерная техника KREP-KOMP.pdf,"[{""path"": ""/home/runner/work/Graf/Graf/.work_sh550/downloads/1Ta-tvdd7GhjdNc28bpIbiqeBVGxWynfa_Сертификат соответствия №РОСС RU.32623.ОС03.pdf"", ""label"": ""Сертификат соответствия №РОСС RU.32623.ОС03.02703 на крепёжные изделия_анкерная техника KREP-KOMP.pdf"", ""pages"": [], ""drive_id"": ""1Ta-tvdd7GhjdNc28bpIbiqeBVGxWynfa"", ""sha256"": ""d1ea05395496dd330cef6e81d15422a1f0d2429c037a53cf7f13c2b64d401ad3"", ""page_count"": 1}]",
кронштейны,5,24,Сертификат соответствия на крепежные элементы,№ РОСС RU.ОС01.00704 с 27.12.2022 г. по 26.12.2025 г.,"ООО ""ГК ""ФИКСАР""",НАЙДЕНО В DRIVE / НЕ ВЫГРУЖЕНО В PDF,Сертификат соответствия № РОСС RU.ОС01.00704 на анкер.pdf,Фасады,https://drive.google.com/file/d/14kuy-IlN6DQhr99kKoA-vedsCDuiSrXg/view?usp=drivesdk,,НАЙДЕНО И ПОДШИТО,False,,10,11,005__Сертификат соответствия № РОСС RU.ОС01.00704 на анкер.pdf,"[{""path"": ""/home/runner/work/Graf/Graf/.work_sh550/downloads/14kuy-IlN6DQhr99kKoA-vedsCDuiSrXg_Сертификат соответствия № РОСС RU.ОС01.00704 на анкер.pdf"", ""label"": ""Сертификат соответствия № РОСС RU.ОС01.00704 на анкер.pdf"", ""pages"": [], ""drive_id"": ""14kuy-IlN6DQhr99kKoA-vedsCDuiSrXg"", ""sha256"": ""db4a228e67d593e35c1d098b6538fe30a81549312df7c2746730b8dfb8c40560"", ""page_count"": 2}]",
кронштейны,6,25,Исполнительная схема монтажа кронштейнов на фасаде в/о 1/Т-Е,,"ООО ""ОСВ-Строй""",ПОДШИТО,ИС кронштейнов фасад в_о 1_Е-Т.pdf,Анохин / Фасад в осях 1_Е-Т,https://drive.google.com/file/d/1odIqvZCd65Tz7PrqBUJJF_chP6A9hQQn/view?usp=drivesdk,,НАЙДЕНО И ПОДШИТО,False,,12,12,006__ИС кронштейнов фасад в_о 1_Е-Т.pdf,"[{""path"": ""/home/runner/work/Graf/Graf/.work_sh550/downloads/1odIqvZCd65Tz7PrqBUJJF_chP6A9hQQn_ИС кронштейнов фасад в_о 1_Е-Т.pdf"", ""label"": ""ИС кронштейнов фасад в_о 1_Е-Т.pdf"", ""pages"": [], ""drive_id"": ""1odIqvZCd65Tz7PrqBUJJF_chP6A9hQQn"", ""sha256"": ""cc17de6392deeba00e124e7b49af53559a1ac9fa8adbc6817178ab6e0e146a29"", ""page_count"": 1}]",
кронштейны,7,26,Исполнительная схема монтажа кронштейнов на фасаде в/о 1-7/Е-Ж,,"ООО ""ОСВ-Строй""",НАЙДЕНО В DRIVE / НЕ ВЫГРУЖЕНО В PDF,ИС кронштейнов фасада в_о 1-7_Е-Ж.pdf,Анохин / Фасад в осях 1-7_Е-Ж,https://drive.google.com/file/d/1ql6MSuGgvdqfFcNMfy6tlpeJSxUG34U8/view?usp=drivesdk,,НАЙДЕНО И ПОДШИТО,False,,13,13,007__ИС кронштейнов фасада в_о 1-7_Е-Ж.pdf,"[{""path"": ""/home/runner/work/Graf/Graf/.work_sh550/downloads/1ql6MSuGgvdqfFcNMfy6tlpeJSxUG34U8_ИС кронштейнов фасада в_о 1-7_Е-Ж.pdf"", ""label"": ""ИС кронштейнов фасада в_о 1-7_Е-Ж.pdf"", ""pages"": [], ""drive_id"": ""1ql6MSuGgvdqfFcNMfy6tlpeJSxUG34U8"", ""sha256"": ""11f2e948fae47cebab4c4381ea5e9310751043b19ffc006673e30b276f040dcc"", ""page_count"": 1}]",
кронштейны,8,27,Исполнительная схема монтажа кронштейнов на фасаде в/о 17-1/Т (лист 1),,"ООО ""ОСВ-Строй""",НАЙДЕНО В DRIVE / НЕ ВЫГРУЖЕНО В PDF,ИС кронштейнов на фасаде в_о 17-1_Т лист 1.pdf,Анохин / Фасад в осях 17-1_Т,https://drive.google.com/file/d/1eS58F7_6j8u9_UUaU5730PIA36anyxHd/view?usp=drivesdk,,НАЙДЕНО И ПОДШИТО,False,,14,14,008__ИС кронштейнов на фасаде в_о 17-1_Т лист 1.pdf,"[{""path"": ""/home/runner/work/Graf/Graf/.work_sh550/downloads/1eS58F7_6j8u9_UUaU5730PIA36anyxHd_ИС кронштейнов на фасаде в_о 17-1_Т лист 1.pdf"", ""label"": ""ИС кронштейнов на фасаде в_о 17-1_Т лист 1.pdf"", ""pages"": [], ""drive_id"": ""1eS58F7_6j8u9_UUaU5730PIA36anyxHd"", ""sha256"": ""62f0331204fe2bbffb606454d081d6644a8e7c77a56f3f09d1b90d473270612a"", ""page_count"": 1}]",
кронштейны,9,28,Исполнительная схема монтажа кронштейнов на фасаде в/о 17-1/Т (лист 2),,"ООО ""ОСВ-Строй""",НАЙДЕНО В DRIVE / НЕ ВЫГРУЖЕНО В PDF,ИС кронштейнов на фасаде в_о 17-1_Т лист 2.pdf,Анохин / Фасад в осях 17-1_Т,https://drive.google.com/file/d/1ezmlFUneM_7TRL6ftrL7sV8_ha4mfpZc/view?usp=drivesdk,,НАЙДЕНО И ПОДШИТО,False,,15,15,009__ИС кронштейнов на фасаде в_о 17-1_Т лист 2.pdf,"[{""path"": ""/home/runner/work/Graf/Graf/.work_sh550/downloads/1ezmlFUneM_7TRL6ftrL7sV8_ha4mfpZc_ИС кронштейнов на фасаде в_о 17-1_Т лист 2.pdf"", ""label"": ""ИС кронштейнов на фасаде в_о 17-1_Т лист 2.pdf"", ""pages"": [], ""drive_id"": ""1ezmlFUneM_7TRL6ftrL7sV8_ha4mfpZc"", ""sha256"": ""ff0cb8181581ea9574433155b88f1abab1a4a0d624398e1f28dca5784d8407c0"", ""page_count"": 1}]",
кронштейны,10,29,Исполнительная схема монтажа кронштейнов на фасаде в/о 17-1/Т (лист 3),,"ООО ""ОСВ-Строй""",НАЙДЕНО В DRIVE / НЕ ВЫГРУЖЕНО В PDF,ИС кронштейнов на фасаде в_о 17-1_Т лист 3.pdf,Анохин / Фасад в осях 17-1_Т,https://drive.google.com/file/d/1D8l7le4OrYqi47ZI5XZHlBDRcFhtAy5X/view?usp=drivesdk,,НАЙДЕНО И ПОДШИТО,False,,16,16,010__ИС кронштейнов на фасаде в_о 17-1_Т лист 3.pdf,"[{""path"": ""/home/runner/work/Graf/Graf/.work_sh550/downloads/1D8l7le4OrYqi47ZI5XZHlBDRcFhtAy5X_ИС кронштейнов на фасаде в_о 17-1_Т лист 3.pdf"", ""label"": ""ИС кронштейнов на фасаде в_о 17-1_Т лист 3.pdf"", ""pages"": [], ""drive_id"": ""1D8l7le4OrYqi47ZI5XZHlBDRcFhtAy5X"", ""sha256"": ""932e99f7f3f3430f1cccc4139c1dee3d8481b7c2f69baef80cb08097c133b21d"", ""page_count"": 1}]",
кронштейны,11,30,Исполнительная схема монтажа кронштейнов на фасаде в/о 17-1/Т (лист 4),,"ООО ""ОСВ-Строй""",НАЙДЕНО В DRIVE / НЕ ВЫГРУЖЕНО В PDF,ИС кронштейнов на фасаде в_о 17-1_Т лист 4.pdf,Анохин / Фасад в осях 17-1_Т,https://drive.google.com/file/d/1g6QxbBOGAlZpLld6nxj-LfohvFtjH5fj/view?usp=drivesdk,,НАЙДЕНО И ПОДШИТО,False,,17,17,011__ИС кронштейнов на фасаде в_о 17-1_Т лист 4.pdf,"[{""path"": ""/home/runner/work/Graf/Graf/.work_sh550/downloads/1g6QxbBOGAlZpLld6nxj-LfohvFtjH5fj_ИС кронштейнов на фасаде в_о 17-1_Т лист 4.pdf"", ""label"": ""ИС кронштейнов на фасаде в_о 17-1_Т лист 4.pdf"", ""pages"": [], ""drive_id"": ""1g6QxbBOGAlZpLld6nxj-LfohvFtjH5fj"", ""sha256"": ""29ee369d15efa12b153c28e5d97a8e915094d7d305ba098aa48fbadc356e5848"", ""page_count"": 1}]",
кронштейны,12,31,Исполнительная схема монтажа кронштейнов на фасаде в/о 17-1/Т (лист 5),,"ООО ""ОСВ-Строй""",НАЙДЕНО В DRIVE / НЕ ВЫГРУЖЕНО В PDF,ИС кронштейнов на фасаде в_о 17-1_Т лист 5.pdf,Анохин / Фасад в осях 17-1_Т,https://drive.google.com/file/d/1ZxxXd9osi5DAM-ibWXMmolW9zQMxE4DK/view?usp=drivesdk,,НАЙДЕНО И ПОДШИТО,False,,18,18,012__ИС кронштейнов на фасаде в_о 17-1_Т лист 5.pdf,"[{""path"": ""/home/runner/work/Graf/Graf/.work_sh550/downloads/1ZxxXd9osi5DAM-ibWXMmolW9zQMxE4DK_ИС кронштейнов на фасаде в_о 17-1_Т лист 5.pdf"", ""label"": ""ИС кронштейнов на фасаде в_о 17-1_Т лист 5.pdf"", ""pages"": [], ""drive_id"": ""1ZxxXd9osi5DAM-ibWXMmolW9zQMxE4DK"", ""sha256"": ""072d0f1f4a6eb053a419976bee12e786c671106404e50232a27aa470146610a4"", ""page_count"": 1}]",
кронштейны,13,32,Исполнительная схема монтажа кронштейнов на фасаде в/о 17-1/Т. Узлы,,"ООО ""ОСВ-Строй""",НАЙДЕНО В DRIVE / НЕ ВЫГРУЖЕНО В PDF,ИС кронштейнов на фасаде в_о 17-1_Т. Узлы.pdf,Анохин / Фасад в осях 17-1_Т,https://drive.google.com/file/d/1q5nEk8YQoiz8hvDqo8bxxBM_xTySVJID/view?usp=drivesdk,,НАЙДЕНО И ПОДШИТО,False,,19,19,013__ИС кронштейнов на фасаде в_о 17-1_Т. Узлы.pdf,"[{""path"": ""/home/runner/work/Graf/Graf/.work_sh550/downloads/1q5nEk8YQoiz8hvDqo8bxxBM_xTySVJID_ИС кронштейнов на фасаде в_о 17-1_Т. Узлы.pdf"", ""label"": ""ИС кронштейнов на фасаде в_о 17-1_Т. Узлы.pdf"", ""pages"": [], ""drive_id"": ""1q5nEk8YQoiz8hvDqo8bxxBM_xTySVJID"", ""sha256"": ""685ad64b757121417c2fbd108e0decea1bda3b21ae4e0d2fed0f42b6690ebea2"", ""page_count"": 1}]",
кронштейны,14,33,Исполнительная схема монтажа кронштейнов на фасаде в/о 2/Ж-Г,,"ООО ""ОСВ-Строй""",НАЙДЕНО В DRIVE / НЕ ВЫГРУЖЕНО В PDF,ИС кронштейнов на фасаде в_о 2_Ж-Г.pdf,Анохин / Фасад в осях 2_Ж-Г,https://drive.google.com/file/d/1uYNfP08iUGspEU038Wsd-oqjcZxot7ac/view?usp=drivesdk,,НАЙДЕНО И ПОДШИТО,False,,20,20,014__ИС кронштейнов на фасаде в_о 2_Ж-Г.pdf,"[{""path"": ""/home/runner/work/Graf/Graf/.work_sh550/downloads/1uYNfP08iUGspEU038Wsd-oqjcZxot7ac_ИС кронштейнов на фасаде в_о 2_Ж-Г.pdf"", ""label"": ""ИС кронштейнов на фасаде в_о 2_Ж-Г.pdf"", ""pages"": [], ""drive_id"": ""1uYNfP08iUGspEU038Wsd-oqjcZxot7ac"", ""sha256"": ""6be956f1cb27df62e817008aba2972e8a3d7603678382828a5c3619e6982eb2b"", ""page_count"": 1}]",
кронштейны,15,34,Исполнительная схема монтажа кронштейнов на фасаде в/о 2-7/В-Г,,"ООО ""ОСВ-Строй""",НАЙДЕНО В DRIVE / НЕ ВЫГРУЖЕНО В PDF,ИС кронштейнов на фасаде в_о 2-7_В-Г.pdf,Анохин / Фасад в осях 2-7_В-Г,https://drive.google.com/file/d/1wdCD62zpx24n0sLVZ8pBAUfn7_1OBc-X/view?usp=drivesdk,,НАЙДЕНО И ПОДШИТО,False,,21,21,015__ИС кронштейнов на фасаде в_о 2-7_В-Г.pdf,"[{""path"": ""/home/runner/work/Graf/Graf/.work_sh550/downloads/1wdCD62zpx24n0sLVZ8pBAUfn7_1OBc-X_ИС кронштейнов на фасаде в_о 2-7_В-Г.pdf"", ""label"": ""ИС кронштейнов на фасаде в_о 2-7_В-Г.pdf"", ""pages"": [], ""drive_id"": ""1wdCD62zpx24n0sLVZ8pBAUfn7_1OBc-X"", ""sha256"": ""966f42149eaef9d90ecb819a4e478ec9ed8396c3f9ddca0e7199db483099fba8"", ""page_count"": 1}]",
кронштейны,16,35,Исполнительная схема монтажа кронштейнов на фасаде в/о 2-7/В-Г. Узлы,,"ООО ""ОСВ-Строй""",НАЙДЕНО В DRIVE / НЕ ВЫГРУЖЕНО В PDF,ИС кронштейнов на фасаде в_о 2-7_В-Г. Узлы.pdf,Анохин / Фасад в осях 2-7_В-Г,https://drive.google.com/file/d/19mmHpXsGdrjuhDvdFSlZJ2EYal2Z1AQ0/view?usp=drivesdk,,НАЙДЕНО И ПОДШИТО,False,,22,22,016__ИС кронштейнов на фасаде в_о 2-7_В-Г. Узлы.pdf,"[{""path"": ""/home/runner/work/Graf/Graf/.work_sh550/downloads/19mmHpXsGdrjuhDvdFSlZJ2EYal2Z1AQ0_ИС кронштейнов на фасаде в_о 2-7_В-Г. Узлы.pdf"", ""label"": ""ИС кронштейнов на фасаде в_о 2-7_В-Г. Узлы.pdf"", ""pages"": [], ""drive_id"": ""19mmHpXsGdrjuhDvdFSlZJ2EYal2Z1AQ0"", ""sha256"": ""31e07c098a191e4f5083c36dbe6d9bef0bcf9cd51db5febda65fee1c03d84dae"", ""page_count"": 1}]",
кронштейны,17,36,Исполнительная схема монтажа кронштейнов на фасаде в/о 2/Т-И и 3-6/И,,"ООО ""ОСВ-Строй""",НАЙДЕНО В DRIVE / ПРОВЕРИТЬ,ИС кронштейнов на фасаде в_о 3_Т-И.pdf,Анохин / Фасад в осях 3_Т-И,https://drive.google.com/file/d/1Ktzce0zEAgl3LI1QSm3EetkZrKB_kqaH/view?usp=drivesdk,Частичное совпадение: в реестре оси 2/Т-И и 3-6/И; в архиве найден комплект по фасаду 3_Т-И.,ЧАСТИЧНОЕ СООТВЕТСТВИЕ — ЗАГЛУШКА + КАНДИДАТ,True,Частичное совпадение: в реестре оси 2/Т-И и 3-6/И; в архиве найден комплект по фасаду 3_Т-И.,23,24,017_00_PLACEHOLDER.pdf | 017__ИС кронштейнов на фасаде в_о 3_Т-И.pdf,"[{""path"": ""/home/runner/work/Graf/Graf/.work_sh550/downloads/1Ktzce0zEAgl3LI1QSm3EetkZrKB_kqaH_ИС кронштейнов на фасаде в_о 3_Т-И.pdf"", ""label"": ""ИС кронштейнов на фасаде в_о 3_Т-И.pdf"", ""pages"": [], ""drive_id"": ""1Ktzce0zEAgl3LI1QSm3EetkZrKB_kqaH"", ""sha256"": ""ee42aa1ce3959ce7ae0e27fde5594644ff14511099d5b628c5aa14b2da373778"", ""page_count"": 1}]",
кронштейны,18,37,Исполнительная схема монтажа кронштейнов на фасаде в/о 2/Т-И и 3-6/И. Узлы,,"ООО ""ОСВ-Строй""",НАЙДЕНО В DRIVE / ПРОВЕРИТЬ,ИС кронштейнов на фасаде в_о 3_Т-И. Узлы.pdf,Анохин / Фасад в осях 3_Т-И,https://drive.google.com/file/d/1CFWSs9-9u8aDXcWxTFZe88wWt0Z4_kL5/view?usp=drivesdk,Частичное совпадение: в реестре оси 2/Т-И и 3-6/И; в архиве найден комплект по фасаду 3_Т-И.,"НАЙДЕНО, НАЛИЧИЕ УЗЛОВ ПОДТВЕРЖДЕНО",False,OCR выявил обозначение узлов на листе,25,25,018__ИС кронштейнов на фасаде в_о 3_Т-И. Узлы.pdf,"[{""path"": ""/home/runner/work/Graf/Graf/.work_sh550/downloads/1CFWSs9-9u8aDXcWxTFZe88wWt0Z4_kL5_ИС кронштейнов на фасаде в_о 3_Т-И. Узлы.pdf"", ""label"": ""ИС кронштейнов на фасаде в_о 3_Т-И. Узлы.pdf"", ""pages"": [], ""drive_id"": ""1CFWSs9-9u8aDXcWxTFZe88wWt0Z4_kL5"", ""sha256"": ""ab9eb751f77ed512431f41875b00d5742fedcc22e849f0ab5c1c1bf604b943c5"", ""page_count"": 1}]",
кронштейны,19,38,Исполнительная схема монтажа кронштейнов на фасаде в/о 5-6/И-Е и 5-7/И,,"ООО ""ОСВ-Строй""",НАЙДЕНО В DRIVE / ПРОВЕРИТЬ,ИС кронштейнов на фасаде в_о 5-7_Е-И.pdf,Анохин / Фасад в осях 5-7_Е-И,https://drive.google.com/file/d/1JGDslh0-CX17y4DwDSp7sB-slQmdvyZq/view?usp=drivesdk,Частичное совпадение: в реестре оси 5-6/И-Е и 5-7/И; в архиве найден комплект по фасаду 5-7_Е-И.,ЧАСТИЧНОЕ СООТВЕТСТВИЕ — ЗАГЛУШКА + КАНДИДАТ,True,Частичное совпадение: в реестре оси 5-6/И-Е и 5-7/И; в архиве найден комплект по фасаду 5-7_Е-И.,26,27,019_00_PLACEHOLDER.pdf | 019__ИС кронштейнов на фасаде в_о 5-7_Е-И.pdf,"[{""path"": ""/home/runner/work/Graf/Graf/.work_sh550/downloads/1JGDslh0-CX17y4DwDSp7sB-slQmdvyZq_ИС кронштейнов на фасаде в_о 5-7_Е-И.pdf"", ""label"": ""ИС кронштейнов на фасаде в_о 5-7_Е-И.pdf"", ""pages"": [], ""drive_id"": ""1JGDslh0-CX17y4DwDSp7sB-slQmdvyZq"", ""sha256"": ""9c85793975fabf95fc33fe5512c2a9bb2732da90d1f0754c95915057f3747e21"", ""page_count"": 1}]",
кронштейны,20,39,Исполнительная схема монтажа кронштейнов на фасаде в/о 7/В-И ,,"ООО ""ОСВ-Строй""",НАЙДЕНО В DRIVE / НЕ ВЫГРУЖЕНО В PDF,ИС кронштейнов на фасаде в_о 7_В-И.pdf,Анохин / Фасад в осях 7_В-И,https://drive.google.com/file/d/1jLjK8E0_TN3tn2H03ElZvSO5ISN4mqwP/view?usp=drivesdk,,НАЙДЕНО И ПОДШИТО,False,,28,28,020__ИС кронштейнов на фасаде в_о 7_В-И.pdf,"[{""path"": ""/home/runner/work/Graf/Graf/.work_sh550/downloads/1jLjK8E0_TN3tn2H03ElZvSO5ISN4mqwP_ИС кронштейнов на фасаде в_о 7_В-И.pdf"", ""label"": ""ИС кронштейнов на фасаде в_о 7_В-И.pdf"", ""pages"": [], ""drive_id"": ""1jLjK8E0_TN3tn2H03ElZvSO5ISN4mqwP"", ""sha256"": ""2be8c9533bd4bfe816d6b2c907f470945729bcf1a830e390b2df84c8cdcc96fc"", ""page_count"": 1}]",
кронштейны,21,40,Исполнительная схема монтажа кронштейнов на фасаде в/о 7/В-И. Узлы,,"ООО ""ОСВ-Строй""",НАЙДЕНО В DRIVE / НЕ ВЫГРУЖЕНО В PDF,ИС кронштейнов на фасаде в_о 7_В-И. Узлы.pdf,Анохин / Фасад в осях 7_В-И,https://drive.google.com/file/d/1mwM8Cf8c8DbuM_kjP1fDUOemAJJoz5oh/view?usp=drivesdk,,НАЙДЕНО И ПОДШИТО,False,,29,29,021__ИС кронштейнов на фасаде в_о 7_В-И. Узлы.pdf,"[{""path"": ""/home/runner/work/Graf/Graf/.work_sh550/downloads/1mwM8Cf8c8DbuM_kjP1fDUOemAJJoz5oh_ИС кронштейнов на фасаде в_о 7_В-И. Узлы.pdf"", ""label"": ""ИС кронштейнов на фасаде в_о 7_В-И. Узлы.pdf"", ""pages"": [], ""drive_id"": ""1mwM8Cf8c8DbuM_kjP1fDUOemAJJoz5oh"", ""sha256"": ""f5857b347f3848ebf870153ba6737896dcefe5556ac230bb1abbd41b628ceb6c"", ""page_count"": 1}]",
кронштейны,22,41,Исполнительная схема монтажа кронштейнов на фасаде в/о 7-13/И ,,"ООО ""ОСВ-Строй""",НАЙДЕНО В DRIVE / НЕ ВЫГРУЖЕНО В PDF,ИС кронштейнов на фасаде в_о 7-13_И.pdf,Анохин / Фасад в осях 7-13_И,https://drive.google.com/file/d/1Fqe9E7zc8Apsf3uUI0CLDaWBmqwlczZj/view?usp=drivesdk,,НАЙДЕНО И ПОДШИТО,False,,30,30,022__ИС кронштейнов на фасаде в_о 7-13_И.pdf,"[{""path"": ""/home/runner/work/Graf/Graf/.work_sh550/downloads/1Fqe9E7zc8Apsf3uUI0CLDaWBmqwlczZj_ИС кронштейнов на фасаде в_о 7-13_И.pdf"", ""label"": ""ИС кронштейнов на фасаде в_о 7-13_И.pdf"", ""pages"": [], ""drive_id"": ""1Fqe9E7zc8Apsf3uUI0CLDaWBmqwlczZj"", ""sha256"": ""5a8c2aa52c18d25bd55003f5ee21eb86c4e597933513c1c45e9cc47e9e3be508"", ""page_count"": 1}]",
кронштейны,23,42,Исполнительная схема монтажа кронштейнов на фасаде в/о 12-15/В-А ,,"ООО ""ОСВ-Строй""",НАЙДЕНО В DRIVE / НЕ ВЫГРУЖЕНО В PDF,ИС кронштейнов на фасаде в_о 12-15_В-А.pdf,Анохин / Фасад в осях 12-15_В-А,https://drive.google.com/file/d/1rUiBFoS8pMiaYgUsjTUQK8Ct2jn9pa_h/view?usp=drivesdk,,НАЙДЕНО И ПОДШИТО,False,,31,31,023__ИС кронштейнов на фасаде в_о 12-15_В-А.pdf,"[{""path"": ""/home/runner/work/Graf/Graf/.work_sh550/downloads/1rUiBFoS8pMiaYgUsjTUQK8Ct2jn9pa_h_ИС кронштейнов на фасаде в_о 12-15_В-А.pdf"", ""label"": ""ИС кронштейнов на фасаде в_о 12-15_В-А.pdf"", ""pages"": [], ""drive_id"": ""1rUiBFoS8pMiaYgUsjTUQK8Ct2jn9pa_h"", ""sha256"": ""c2f6d707e88e0cb91871603b06157f8025f1b86cc4057b5225629eca4d77907f"", ""page_count"": 1}]",
кронштейны,24,43,Исполнительная схема монтажа кронштейнов на фасаде в/о 13-17/В-А ,,"ООО ""ОСВ-Строй""",НАЙДЕНО В DRIVE / НЕ ВЫГРУЖЕНО В PDF,ИС кронштейнов на фасаде в_о 13-17_В-А.pdf,Анохин / Фасад в осях 13-17_В-А,https://drive.google.com/file/d/1VyGnGUKc76x5iXLP_xoBLhxB6umokP9h/view?usp=drivesdk,,НАЙДЕНО И ПОДШИТО,False,,32,32,024__ИС кронштейнов на фасаде в_о 13-17_В-А.pdf,"[{""path"": ""/home/runner/work/Graf/Graf/.work_sh550/downloads/1VyGnGUKc76x5iXLP_xoBLhxB6umokP9h_ИС кронштейнов на фасаде в_о 13-17_В-А.pdf"", ""label"": ""ИС кронштейнов на фасаде в_о 13-17_В-А.pdf"", ""pages"": [], ""drive_id"": ""1VyGnGUKc76x5iXLP_xoBLhxB6umokP9h"", ""sha256"": ""520bbd4d076f61695bebfd2ae27459fcbb1b4c9bc704f0e22945165cc98a319d"", ""page_count"": 1}]",
кронштейны,25,44,Исполнительная схема монтажа кронштейнов на фасаде в/о 12-17/В-А. Узлы ,,"ООО ""ОСВ-Строй""",НАЙДЕНО В DRIVE / НЕ ВЫГРУЖЕНО В PDF,ИС кронштейнов на фасаде в_о 12-17_В-А  Узлы.pdf,Анохин / Фасад в осях 12-17_В-А,https://drive.google.com/file/d/148d-ZvrO7E1z1E4m31SatmAK1keCh_cu/view?usp=drivesdk,,НАЙДЕНО И ПОДШИТО,False,,33,33,025__ИС кронштейнов на фасаде в_о 12-17_В-А Узлы.pdf,"[{""path"": ""/home/runner/work/Graf/Graf/.work_sh550/downloads/148d-ZvrO7E1z1E4m31SatmAK1keCh_cu_ИС кронштейнов на фасаде в_о 12-17_В-А Узлы.pdf"", ""label"": ""ИС кронштейнов на фасаде в_о 12-17_В-А  Узлы.pdf"", ""pages"": [], ""drive_id"": ""148d-ZvrO7E1z1E4m31SatmAK1keCh_cu"", ""sha256"": ""11fe72ac539b4fc7c4fb0988908361b2d31938b6f1677252b19a1b3008c342a4"", ""page_count"": 1}]",
кронштейны,26,45,Исполнительная схема монтажа кронштейнов на фасаде в/о 13/И-В,,"ООО ""ОСВ-Строй""",НАЙДЕНО В DRIVE / НЕ ВЫГРУЖЕНО В PDF,ИС кронштейнов на фасаде в_о 13_И-В.pdf,Анохин / Фасад в осях 13_И-В,https://drive.google.com/file/d/1GhYa2AP5i8xDmt7QOim2EbCbfVEtHOCR/view?usp=drivesdk,,НАЙДЕНО И ПОДШИТО,False,,34,34,026__ИС кронштейнов на фасаде в_о 13_И-В.pdf,"[{""path"": ""/home/runner/work/Graf/Graf/.work_sh550/downloads/1GhYa2AP5i8xDmt7QOim2EbCbfVEtHOCR_ИС кронштейнов на фасаде в_о 13_И-В.pdf"", ""label"": ""ИС кронштейнов на фасаде в_о 13_И-В.pdf"", ""pages"": [], ""drive_id"": ""1GhYa2AP5i8xDmt7QOim2EbCbfVEtHOCR"", ""sha256"": ""8cc3eee5cf572aadac5d6d0c85d5dfd95b9dcdad7ce70ec1f65bd7ff512fac0e"", ""page_count"": 1}]",
кронштейны,27,46,Исполнительная схема монтажа кронштейнов на фасаде в/о 13/И-В. Узлы,,"ООО ""ОСВ-Строй""",НАЙДЕНО В DRIVE / НЕ ВЫГРУЖЕНО В PDF,ИС кронштейнов на фасаде в_о 13_И-В  Узлы.pdf,Анохин / Фасад в осях 13_И-В,https://drive.google.com/file/d/1OUz7N2t29yjEiOCEeFHhBkZA81FIjfCl/view?usp=drivesdk,,НАЙДЕНО И ПОДШИТО,False,,35,35,027__ИС кронштейнов на фасаде в_о 13_И-В Узлы.pdf,"[{""path"": ""/home/runner/work/Graf/Graf/.work_sh550/downloads/1OUz7N2t29yjEiOCEeFHhBkZA81FIjfCl_ИС кронштейнов на фасаде в_о 13_И-В Узлы.pdf"", ""label"": ""ИС кронштейнов на фасаде в_о 13_И-В  Узлы.pdf"", ""pages"": [], ""drive_id"": ""1OUz7N2t29yjEiOCEeFHhBkZA81FIjfCl"", ""sha256"": ""57b46d165142fdf5b20c9f80677ee0f0c68605792ec427b7f40a52f1a6c91058"", ""page_count"": 1}]",
кронштейны,28,47,Исполнительная схема монтажа кронштейнов на фасаде в/о 17/А-Т,,"ООО ""ОСВ-Строй""",НАЙДЕНО В DRIVE / НЕ ВЫГРУЖЕНО В PDF,ИС кронштейнов на фасаде в_о 17_А-Т.pdf,Анохин / Фасад в осях 17_А-Т,https://drive.google.com/file/d/1oEegk8LANsdOWQQeAQZVV32N4N2MwRPh/view?usp=drivesdk,,НАЙДЕНО И ПОДШИТО,False,,36,36,028__ИС кронштейнов на фасаде в_о 17_А-Т.pdf,"[{""path"": ""/home/runner/work/Graf/Graf/.work_sh550/downloads/1oEegk8LANsdOWQQeAQZVV32N4N2MwRPh_ИС кронштейнов на фасаде в_о 17_А-Т.pdf"", ""label"": ""ИС кронштейнов на фасаде в_о 17_А-Т.pdf"", ""pages"": [], ""drive_id"": ""1oEegk8LANsdOWQQeAQZVV32N4N2MwRPh"", ""sha256"": ""b5a04ce53c5a591a4161b6ae508556b36ed37ce1e56b3895b4b5a080dc2821b8"", ""page_count"": 1}]",
кронштейны,29,48,Акт испытаний крепежных элементов,№ 23-6965-2 от 27.09.2023 г.,"ООО ""ГК ""ФИКСАР""",НАЙДЕНО В DRIVE / НЕ ВЫГРУЖЕНО В PDF,"Акт № 23-6965-2 ДФ-Б10х80ТД (бет) 3,44 кН.pdf",М082-2322-09-НФС изм.1 / 1.Акты испытаний,https://drive.google.com/file/d/1OkBNwIhPAcvqqk-kLEQb6TASHenm_fsU/view?usp=drivesdk,,НАЙДЕНО И ПОДШИТО,False,,37,50,"029__Акт № 23-6965-2 ДФ-Б10х80ТД (бет) 3,44 кН.pdf","[{""path"": ""/home/runner/work/Graf/Graf/.work_sh550/downloads/1OkBNwIhPAcvqqk-kLEQb6TASHenm_fsU_Акт № 23-6965-2 ДФ-Б10х80ТД (бет) 3,44 кН.pdf"", ""label"": ""Акт № 23-6965-2 ДФ-Б10х80ТД (бет) 3,44 кН.pdf"", ""pages"": [], ""drive_id"": ""1OkBNwIhPAcvqqk-kLEQb6TASHenm_fsU"", ""sha256"": ""a9a113966479b3756c779bf0bcbfddfab8869d4c5c5ad7a3aef074599ad56627"", ""page_count"": 14}]",
кронштейны,30,49,Акт испытаний крепежных элементов,№ 23-7111-2 от 23.10.2023 г.,"ООО ""ГК ""ФИКСАР""",НАЙДЕНО В DRIVE / НЕ ВЫГРУЖЕНО В PDF,Акт № 23-7111-2 АНФ-Б10х115ТД (кббл) (7).pdf,М082-2322-09-НФС изм.1 / 1.Акты испытаний,https://drive.google.com/file/d/1XiyCDKek7pJvcsrRJJPAMPa7UpTsmCFN/view?usp=drivesdk,,НАЙДЕНО И ПОДШИТО,False,,51,64,030__Акт № 23-7111-2 АНФ-Б10х115ТД (кббл) (7).pdf,"[{""path"": ""/home/runner/work/Graf/Graf/.work_sh550/downloads/1XiyCDKek7pJvcsrRJJPAMPa7UpTsmCFN_Акт № 23-7111-2 АНФ-Б10х115ТД (кббл) (7).pdf"", ""label"": ""Акт № 23-7111-2 АНФ-Б10х115ТД (кббл) (7).pdf"", ""pages"": [], ""drive_id"": ""1XiyCDKek7pJvcsrRJJPAMPa7UpTsmCFN"", ""sha256"": ""3462c18a261c289772d4431ac58d25e632b15b7f3753ddae3c4182b56c129431"", ""page_count"": 14}]",
кронштейны,31,50,Протокол испытания анкерных креплений,№ АК-001 от 18.02.2025 г.,"ООО ""СПИЛЦ""",НЕТ В АРХИВЕ,,,,"Точного файла по АК-001 в структуре фасадов не найдено. Поиск дал только возможное совпадение scan_0264.pdf, требуется ручная проверка.",НАЙДЕНО И OCR-ПОДТВЕРЖДЕНО,False,OCR обнаружил АК-001,65,66,"031__scan_0264.pdf — АК-001, страницы 1, 2.pdf","[{""path"": ""/home/runner/work/Graf/Graf/.work_sh550/downloads/scan_0264.pdf"", ""label"": ""scan_0264.pdf — АК-001, страницы 1, 2"", ""pages"": [1, 2], ""drive_id"": ""1Q_6hTMAUUdrSu8BZA4pCIH2-EWv6ktbm"", ""sha256"": ""fc22cd403c46073f1ba5b4c2ac0b3c9cfa347dc5255074e3059ec758a5c3e378"", ""page_count"": 2}]",
кронштейны,32,51,Протокол испытания анкерных креплений,№ АК-002 от 18.02.2025 г.,"ООО ""СПИЛЦ""",НЕТ В АРХИВЕ,,,,"Точного файла по АК-002 в структуре фасадов не найдено. Поиск дал только возможное совпадение scan_0264.pdf, требуется ручная проверка.",НАЙДЕНО И OCR-ПОДТВЕРЖДЕНО,False,OCR обнаружил АК-002,67,68,"032__scan_0264.pdf — АК-002, страницы 3, 4.pdf","[{""path"": ""/home/runner/work/Graf/Graf/.work_sh550/downloads/scan_0264.pdf"", ""label"": ""scan_0264.pdf — АК-002, страницы 3, 4"", ""pages"": [3, 4], ""drive_id"": ""1Q_6hTMAUUdrSu8BZA4pCIH2-EWv6ktbm"", ""sha256"": ""fc22cd403c46073f1ba5b4c2ac0b3c9cfa347dc5255074e3059ec758a5c3e378"", ""page_count"": 2}]",
утепление 1 слой,1,6,Паспорт на изделие теплоизоляцион. из камен. ваты ВЕНТИ БАТТС Н 100 мм,№ 02.01.24/3/POER-11107.1.1 от 02.01.2024 г.,"ООО ""РОКВУЛ""",НАЙДЕНО В DRIVE / НЕ ВЫГРУЖЕНО В PDF,Паспорт 02.01.24_3_POER-11107.1.1 Венти Баттс Н 100 мм.pdf,Утеплитель для фасада,https://drive.google.com/file/d/1wyTS1PvWyDJtxIlnD7YXHe3XW7Dnctk4/view?usp=drivesdk,,НАЙДЕНО И ПОДШИТО,False,,3,3,001__Паспорт 02.01.24_3_POER-11107.1.1 Венти Баттс Н 100 мм.pdf,"[{""path"": ""/home/runner/work/Graf/Graf/.work_sh550/downloads/1wyTS1PvWyDJtxIlnD7YXHe3XW7Dnctk4_Паспорт 02.01.24_3_POER-11107.1.1 Венти Баттс Н 100 мм.pdf"", ""label"": ""Паспорт 02.01.24_3_POER-11107.1.1 Венти Баттс Н 100 мм.pdf"", ""pages"": [], ""drive_id"": ""1wyTS1PvWyDJtxIlnD7YXHe3XW7Dnctk4"", ""sha256"": ""d53fcf14104536a9eba860bdfee2565453bf502acbbcf096d7c3e8222a477fde"", ""page_count"": 1}]",
утепление 1 слой,2,7,Паспорт на изделие теплоизоляцион. из камен. ваты ВЕНТИ БАТТС Н 100 мм,№ 21.01.24/3/POER-527.1.1 от 22.01.2024 г.,"ООО ""РОКВУЛ""",НАЙДЕНО В DRIVE / НЕ ВЫГРУЖЕНО В PDF,Паспорт 2101.24 _3_POER-527.1. Венти Баттс Н 100 мм.pdf,Утеплитель для фасада,https://drive.google.com/file/d/1A1UpbDLl3JrN5bf568Ex3SSNaBZYgocT/view?usp=drivesdk,,НАЙДЕНО И ПОДШИТО,False,,4,4,002__Паспорт 2101.24 _3_POER-527.1. Венти Баттс Н 100 мм.pdf,"[{""path"": ""/home/runner/work/Graf/Graf/.work_sh550/downloads/1A1UpbDLl3JrN5bf568Ex3SSNaBZYgocT_Паспорт 2101.24 _3_POER-527.1. Венти Баттс Н 100 мм.pdf"", ""label"": ""Паспорт 2101.24 _3_POER-527.1. Венти Баттс Н 100 мм.pdf"", ""pages"": [], ""drive_id"": ""1A1UpbDLl3JrN5bf568Ex3SSNaBZYgocT"", ""sha256"": ""b72a761036d28c5a19634841384246675c2b1db09c0ffb46b457a2955ffe43c6"", ""page_count"": 1}]",
утепление 1 слой,3,8,Паспорт на изделие теплоизоляцион. из камен. ваты ВЕНТИ БАТТС Н 100 мм,№ 25.01.24/1/124000092.1.1 от 25.01.2024 г.,"ООО ""РОКВУЛ""",НАЙДЕНО В DRIVE / НЕ ВЫГРУЖЕНО В PDF,Паспорт 25.01.24_1_124000092.1.1 Вентибаттс Н 100 мм 1.pdf,Утеплитель для фасада,https://drive.google.com/file/d/1bF0DDLmfBwHjlIjV79fPvzlHlJSUJfDP/view?usp=drivesdk,,НАЙДЕНО И ПОДШИТО,False,,5,5,003__Паспорт 25.01.24_1_124000092.1.1 Вентибаттс Н 100 мм 1.pdf,"[{""path"": ""/home/runner/work/Graf/Graf/.work_sh550/downloads/1bF0DDLmfBwHjlIjV79fPvzlHlJSUJfDP_Паспорт 25.01.24_1_124000092.1.1 Вентибаттс Н 100 мм 1.pdf"", ""label"": ""Паспорт 25.01.24_1_124000092.1.1 Вентибаттс Н 100 мм 1.pdf"", ""pages"": [], ""drive_id"": ""1bF0DDLmfBwHjlIjV79fPvzlHlJSUJfDP"", ""sha256"": ""5afb92d6a703f50903ea4729d9648c4c48692b58a14e0c3389a297c0a7f860af"", ""page_count"": 1}]",
утепление 1 слой,4,9,Паспорт на изделие теплоизоляцион. из камен. ваты ВЕНТИ БАТТС Н 100 мм,№ 25.01.24/3/124000092.1.1 от 25.01.2024 г.,"ООО ""РОКВУЛ""",НАЙДЕНО В DRIVE / НЕ ВЫГРУЖЕНО В PDF,Паспорт 25.01.24_3_124000092.1.1 Венти Баттс Н 100 мм.pdf,Утеплитель для фасада,https://drive.google.com/file/d/1yDTzN5rAtgSpL-p4lGlA6LromtkQbSI6/view?usp=drivesdk,,НАЙДЕНО И ПОДШИТО,False,,6,6,004__Паспорт 25.01.24_3_124000092.1.1 Венти Баттс Н 100 мм.pdf,"[{""path"": ""/home/runner/work/Graf/Graf/.work_sh550/downloads/1yDTzN5rAtgSpL-p4lGlA6LromtkQbSI6_Паспорт 25.01.24_3_124000092.1.1 Венти Баттс Н 100 мм.pdf"", ""label"": ""Паспорт 25.01.24_3_124000092.1.1 Венти Баттс Н 100 мм.pdf"", ""pages"": [], ""drive_id"": ""1yDTzN5rAtgSpL-p4lGlA6LromtkQbSI6"", ""sha256"": ""63a70f28a3f3ddbdca13a534d4b791eace3e69d33c5f3f912327ff433bafa288"", ""page_count"": 1}]",
утепление 1 слой,5,10,Сертификат соответствия на изделия теплоизоляционные из каменной ваты,№ РОСС С-RU.ЧС13.В.00360/20 с 20.04.2020 г. по 20.04.2025 г.,"ООО ""РОКВУЛ""",НАЙДЕНО В DRIVE / НЕ ВЫГРУЖЕНО В PDF,ПожСерт.соотв RU C-RU.ЧС13.В.00360_20.pdf,Утеплитель для фасада,https://drive.google.com/file/d/1Lwc2HCtKH5JLqeSV_WYmmCnZ8Kpq-quI/view?usp=drivesdk,,НАЙДЕНО И ПОДШИТО,False,,7,11,005__ПожСерт.соотв RU C-RU.ЧС13.В.00360_20.pdf,"[{""path"": ""/home/runner/work/Graf/Graf/.work_sh550/downloads/1Lwc2HCtKH5JLqeSV_WYmmCnZ8Kpq-quI_ПожСерт.соотв RU C-RU.ЧС13.В.00360_20.pdf"", ""label"": ""ПожСерт.соотв RU C-RU.ЧС13.В.00360_20.pdf"", ""pages"": [], ""drive_id"": ""1Lwc2HCtKH5JLqeSV_WYmmCnZ8Kpq-quI"", ""sha256"": ""39c2a87900de7d12d7cecf2114a744870a0d28549ffe810f025e92f951455b62"", ""page_count"": 5}]",
утепление 1 слой,6,11,Экспертное заключение о соответствии продукции Единым санитарно-эпидемиологическим и гигиеническим требованиям,№ 2208/04 от 26.08.2022 г.,"ООО ""РОКВУЛ""",НАЙДЕНО В DRIVE / НЕ ВЫГРУЖЕНО В PDF,Экспетное заключение 2208_04 на РОКВУЛ.pdf,Утеплитель для фасада,https://drive.google.com/file/d/1EMeCz7b7R_6oLtxQtoYsqKeywR_IJ5mm/view?usp=drivesdk,,НАЙДЕНО И ПОДШИТО,False,,12,13,006__Экспетное заключение 2208_04 на РОКВУЛ.pdf,"[{""path"": ""/home/runner/work/Graf/Graf/.work_sh550/downloads/1EMeCz7b7R_6oLtxQtoYsqKeywR_IJ5mm_Экспетное заключение 2208_04 на РОКВУЛ.pdf"", ""label"": ""Экспетное заключение 2208_04 на РОКВУЛ.pdf"", ""pages"": [], ""drive_id"": ""1EMeCz7b7R_6oLtxQtoYsqKeywR_IJ5mm"", ""sha256"": ""2ba860f45972a1c8820aba030ee6d45777bae7b77ec4ac88aad17a65711a5d23"", ""page_count"": 2}]",
утепление 1 слой,7,12,Паспорт качества на дюбель для теплоизоляции IZL-T,№ УТ-11150 от 15.06.2023 г.,"ООО ""ТПК Тех-КРЕП""",НАЙДЕНО В DRIVE / НЕ ВЫГРУЖЕНО В PDF,Паспорт качества на дюбель тарельчатый.pdf,Утеплитель для фасада,https://drive.google.com/file/d/1riuYEjDf4vs7e2cW0zywacfz3P5h0nP-/view?usp=drivesdk,,НАЙДЕНО И ПОДШИТО,False,,14,14,007__Паспорт качества на дюбель тарельчатый.pdf,"[{""path"": ""/home/runner/work/Graf/Graf/.work_sh550/downloads/1riuYEjDf4vs7e2cW0zywacfz3P5h0nP-_Паспорт качества на дюбель тарельчатый.pdf"", ""label"": ""Паспорт качества на дюбель тарельчатый.pdf"", ""pages"": [], ""drive_id"": ""1riuYEjDf4vs7e2cW0zywacfz3P5h0nP-"", ""sha256"": ""41bc1ec1ce5f45e6310a3795a47d71b8120577bf55eab76deb4cb6fc50c1b10c"", ""page_count"": 1}]",
утепление 1 слой,8,13,Сертификат соответствия на изделия крепежные из полимерных материалов,№ РОСС RU.НВ61.Н14338 с 12.10.2020 г. по 11.10.2023 г.,"Торговая марка ""Тех-КРЕП""",НАЙДЕНО В DRIVE / НЕ ВЫГРУЖЕНО В PDF,Сертификат соответстаия № РОСС RU.HB61.H14338 на дюбель.pdf,Утеплитель для фасада,https://drive.google.com/file/d/1NZkv515fZ23b8Jtx_7iHJMH98fN8KqQ1/view?usp=drivesdk,,НАЙДЕНО И ПОДШИТО,False,,15,17,008__Сертификат соответстаия № РОСС RU.HB61.H14338 на дюбель.pdf,"[{""path"": ""/home/runner/work/Graf/Graf/.work_sh550/downloads/1NZkv515fZ23b8Jtx_7iHJMH98fN8KqQ1_Сертификат соответстаия № РОСС RU.HB61.H14338 на дюбель.pdf"", ""label"": ""Сертификат соответстаия № РОСС RU.HB61.H14338 на дюбель.pdf"", ""pages"": [], ""drive_id"": ""1NZkv515fZ23b8Jtx_7iHJMH98fN8KqQ1"", ""sha256"": ""ea8772d52ec74f712e7b631c4d81b85363a1c1db0f0133eded6019739693b234"", ""page_count"": 3}]",
утепление 1 слой,9,14,Сертификат соответствия на изделия крепежные из полимерных материалов,№ РОСС RU. З2001.04ИБФ1.ОСП28.40001 с 27.09.2023 г. по 26.09.2026 г.,"ООО ""ТПК Тех-КРЕП""",НАЙДЕНО В DRIVE / НЕ ВЫГРУЖЕНО В PDF,Сертификат соответствия № РОСС RU.32001.04ИБФ1.ОСП28.40001 на дюбель.pdf,Утеплитель для фасада,https://drive.google.com/file/d/1kyF47c16lOfI1aDWO9ByI7EeX0vVLQYh/view?usp=drivesdk,,НАЙДЕНО И ПОДШИТО,False,,18,20,009__Сертификат соответствия № РОСС RU.32001.04ИБФ1.ОСП28.40001 на дюбель.pdf,"[{""path"": ""/home/runner/work/Graf/Graf/.work_sh550/downloads/1kyF47c16lOfI1aDWO9ByI7EeX0vVLQYh_Сертификат соответствия № РОСС RU.32001.04ИБФ1.ОСП28.40001 на дюбель.pdf"", ""label"": ""Сертификат соответствия № РОСС RU.32001.04ИБФ1.ОСП28.40001 на дюбель.pdf"", ""pages"": [], ""drive_id"": ""1kyF47c16lOfI1aDWO9ByI7EeX0vVLQYh"", ""sha256"": ""0f2ad055e0c23463b896e796f6b4fd31a2a1d8415f0762885166b784788e7b50"", ""page_count"": 3}]",
утепление 1 слой,10,15,Исполнительная схема монтажа 1-го слоя утеплителя НВФ в/о 1/Т-Е,,"ООО ""ОСВ-Строй""",НАЙДЕНО В DRIVE / НЕ ВЫГРУЖЕНО В PDF,ИС утепления фасада 1 слой в_о 1_Е-Т.pdf,Анохин / Фасад в осях 1_Е-Т,https://drive.google.com/file/d/1DCx30o6rNTd7tUYS7gDrmwPNJPYgG_J2/view?usp=drivesdk,,НАЙДЕНО И ПОДШИТО,False,,21,21,010__ИС утепления фасада 1 слой в_о 1_Е-Т.pdf,"[{""path"": ""/home/runner/work/Graf/Graf/.work_sh550/downloads/1DCx30o6rNTd7tUYS7gDrmwPNJPYgG_J2_ИС утепления фасада 1 слой в_о 1_Е-Т.pdf"", ""label"": ""ИС утепления фасада 1 слой в_о 1_Е-Т.pdf"", ""pages"": [], ""drive_id"": ""1DCx30o6rNTd7tUYS7gDrmwPNJPYgG_J2"", ""sha256"": ""ed2fe88d7eaa1b75dc2037eb38bef1ee25afaf58f3484f3861b17f366c4c312c"", ""page_count"": 1}]",
утепление 1 слой,11,16,Исполнительная схема монтажа 1-го слоя утеплителя НВФ в/о 1-7/Е-Ж,,"ООО ""ОСВ-Строй""",НАЙДЕНО В DRIVE / НЕ ВЫГРУЖЕНО В PDF,ИС утепления фасада 1 слой в_о 1-7_Е-Ж.pdf,Анохин / Фасад в осях 1-7_Е-Ж,https://drive.google.com/file/d/1ETNlSVw1bN-_VhNC6fLOYzXk40tdljRc/view?usp=drivesdk,,НАЙДЕНО И ПОДШИТО,False,,22,22,011__ИС утепления фасада 1 слой в_о 1-7_Е-Ж.pdf,"[{""path"": ""/home/runner/work/Graf/Graf/.work_sh550/downloads/1ETNlSVw1bN-_VhNC6fLOYzXk40tdljRc_ИС утепления фасада 1 слой в_о 1-7_Е-Ж.pdf"", ""label"": ""ИС утепления фасада 1 слой в_о 1-7_Е-Ж.pdf"", ""pages"": [], ""drive_id"": ""1ETNlSVw1bN-_VhNC6fLOYzXk40tdljRc"", ""sha256"": ""b07d92aa0224e2dbf5aa15e65c0f60aa77aef9dca8a6670c139fa2a0fda08e3e"", ""page_count"": 1}]",
утепление 1 слой,12,17,Исполнительная схема монтажа 1-го слоя утеплителя НВФ в/о 17-1/Т (лист 7),,"ООО ""ОСВ-Строй""",НАЙДЕНО В DRIVE / НЕ ВЫГРУЖЕНО В PDF,ИС утеления 1 слой на фасаде в_о 17-1_Т лист 1.pdf,Анохин / Фасад в осях 17-1_Т,https://drive.google.com/file/d/1r1Fg1g5vupYQd5I7iHiigUZM-xqiyybJ/view?usp=drivesdk,,НАЙДЕНО И ПОДШИТО,False,,23,23,012__ИС утеления 1 слой на фасаде в_о 17-1_Т лист 1.pdf,"[{""path"": ""/home/runner/work/Graf/Graf/.work_sh550/downloads/1r1Fg1g5vupYQd5I7iHiigUZM-xqiyybJ_ИС утеления 1 слой на фасаде в_о 17-1_Т лист 1.pdf"", ""label"": ""ИС утеления 1 слой на фасаде в_о 17-1_Т лист 1.pdf"", ""pages"": [], ""drive_id"": ""1r1Fg1g5vupYQd5I7iHiigUZM-xqiyybJ"", ""sha256"": ""30d383c6b4ba8862dcf4ce07298cb19ca870edff683831449341bb9cea132c48"", ""page_count"": 1}]",
утепление 1 слой,13,18,Исполнительная схема монтажа 1-го слоя утеплителя НВФ в/о 17-1/Т (лист 8),,"ООО ""ОСВ-Строй""",НАЙДЕНО В DRIVE / НЕ ВЫГРУЖЕНО В PDF,ИС утеления 1 слой на фасаде в_о 17-1_Т лист 2.pdf,Анохин / Фасад в осях 17-1_Т,https://drive.google.com/file/d/1r22Hxb9mLIzaGt0FdknCtJB7JEuAcPEV/view?usp=drivesdk,,НАЙДЕНО И ПОДШИТО,False,,24,24,013__ИС утеления 1 слой на фасаде в_о 17-1_Т лист 2.pdf,"[{""path"": ""/home/runner/work/Graf/Graf/.work_sh550/downloads/1r22Hxb9mLIzaGt0FdknCtJB7JEuAcPEV_ИС утеления 1 слой на фасаде в_о 17-1_Т лист 2.pdf"", ""label"": ""ИС утеления 1 слой на фасаде в_о 17-1_Т лист 2.pdf"", ""pages"": [], ""drive_id"": ""1r22Hxb9mLIzaGt0FdknCtJB7JEuAcPEV"", ""sha256"": ""fcea45a61f504600d93157deb18d6aafc6085903ec8b49fa4cbe83c1afb623de"", ""page_count"": 1}]",
утепление 1 слой,14,19,Исполнительная схема монтажа 1-го слоя утеплителя НВФ в/о 17-1/Т (лист 9),,"ООО ""ОСВ-Строй""",НАЙДЕНО В DRIVE / НЕ ВЫГРУЖЕНО В PDF,ИС утеления 1 слой на фасаде в_о 17-1_Т лист 3.pdf,Анохин / Фасад в осях 17-1_Т,https://drive.google.com/file/d/1kpPpCKjmpfubYFn3okGHGVy-6fXKx_1K/view?usp=drivesdk,,НАЙДЕНО И ПОДШИТО,False,,25,25,014__ИС утеления 1 слой на фасаде в_о 17-1_Т лист 3.pdf,"[{""path"": ""/home/runner/work/Graf/Graf/.work_sh550/downloads/1kpPpCKjmpfubYFn3okGHGVy-6fXKx_1K_ИС утеления 1 слой на фасаде в_о 17-1_Т лист 3.pdf"", ""label"": ""ИС утеления 1 слой на фасаде в_о 17-1_Т лист 3.pdf"", ""pages"": [], ""drive_id"": ""1kpPpCKjmpfubYFn3okGHGVy-6fXKx_1K"", ""sha256"": ""1425b089d9108d927d5dc2e5f3df3d40fd04f00c2a0a4d82f4e43231306bdf6b"", ""page_count"": 1}]",
утепление 1 слой,15,20,Исполнительная схема монтажа 1-го слоя утеплителя НВФ в/о 17-1/Т (лист 10),,"ООО ""ОСВ-Строй""",НАЙДЕНО В DRIVE / НЕ ВЫГРУЖЕНО В PDF,ИС утеления 1 слой на фасаде в_о 17-1_Т лист 4.pdf,Анохин / Фасад в осях 17-1_Т,https://drive.google.com/file/d/1jjKOXCN-t_THIHaBBATleBls2JAkFkS4/view?usp=drivesdk,,НАЙДЕНО И ПОДШИТО,False,,26,26,015__ИС утеления 1 слой на фасаде в_о 17-1_Т лист 4.pdf,"[{""path"": ""/home/runner/work/Graf/Graf/.work_sh550/downloads/1jjKOXCN-t_THIHaBBATleBls2JAkFkS4_ИС утеления 1 слой на фасаде в_о 17-1_Т лист 4.pdf"", ""label"": ""ИС утеления 1 слой на фасаде в_о 17-1_Т лист 4.pdf"", ""pages"": [], ""drive_id"": ""1jjKOXCN-t_THIHaBBATleBls2JAkFkS4"", ""sha256"": ""48b478ddfc82ed7e0c989801cce3fe4acd384c9912d81f8e1d001cc9887c2059"", ""page_count"": 1}]",
утепление 1 слой,16,21,Исполнительная схема монтажа 1-го слоя утеплителя НВФ в/о 17-1/Т (лист 11),,"ООО ""ОСВ-Строй""",НАЙДЕНО В DRIVE / НЕ ВЫГРУЖЕНО В PDF,ИС утеления 1 слой на фасаде в_о 17-1_Т лист 5.pdf,Анохин / Фасад в осях 17-1_Т,https://drive.google.com/file/d/1wQ67JmaXvrSINOz0YY_40FdoF_QQ8-lg/view?usp=drivesdk,,НАЙДЕНО И ПОДШИТО,False,,27,27,016__ИС утеления 1 слой на фасаде в_о 17-1_Т лист 5.pdf,"[{""path"": ""/home/runner/work/Graf/Graf/.work_sh550/downloads/1wQ67JmaXvrSINOz0YY_40FdoF_QQ8-lg_ИС утеления 1 слой на фасаде в_о 17-1_Т лист 5.pdf"", ""label"": ""ИС утеления 1 слой на фасаде в_о 17-1_Т лист 5.pdf"", ""pages"": [], ""drive_id"": ""1wQ67JmaXvrSINOz0YY_40FdoF_QQ8-lg"", ""sha256"": ""d1713c1081d7c2cca249cd90576701009e53128b3133abcbd1e7b972772cb7c5"", ""page_count"": 1}]",
утепление 1 слой,17,22,"Исполнительная схема монтажа 1-го слоя утеплителя НВФ в/о 17-1/Т (лист 12), в т.ч. Узлы",,"ООО ""ОСВ-Строй""",НАЙДЕНО В DRIVE / ПРОВЕРИТЬ,ИС утеления 1 слой на фасаде в_о 17-1_Т лист 6.pdf,Анохин / Фасад в осях 17-1_Т,https://drive.google.com/file/d/1IvQWQTquUVJ-Dbp51ZS-QOElDOD7W2UP/view?usp=drivesdk,В строке указано 'в т.ч. Узлы'; в архиве найден лист 12 без отдельного файла узлов.,"НАЙДЕНО, НАЛИЧИЕ УЗЛОВ ПОДТВЕРЖДЕНО",False,OCR выявил обозначение узлов на листе,28,28,017__ИС утеления 1 слой на фасаде в_о 17-1_Т лист 6.pdf,"[{""path"": ""/home/runner/work/Graf/Graf/.work_sh550/downloads/1IvQWQTquUVJ-Dbp51ZS-QOElDOD7W2UP_ИС утеления 1 слой на фасаде в_о 17-1_Т лист 6.pdf"", ""label"": ""ИС утеления 1 слой на фасаде в_о 17-1_Т лист 6.pdf"", ""pages"": [], ""drive_id"": ""1IvQWQTquUVJ-Dbp51ZS-QOElDOD7W2UP"", ""sha256"": ""d7bfd4feb86930f25a302a5ca03424530ea6495e43ee3b7bd23ebc65e0aa7547"", ""page_count"": 1}]",
утепление 1 слой,18,23,Исполнительная схема монтажа 1-го слоя утеплителя НВФ в/о 2/Ж-Г,,"ООО ""ОСВ-Строй""",НАЙДЕНО В DRIVE / НЕ ВЫГРУЖЕНО В PDF,ИС 1-го слоя утеплителя фасада в_о 2_Ж-Г.pdf,Анохин / Фасад в осях 2_Ж-Г,https://drive.google.com/file/d/1NRhMIGz-29AbswGAEcC8lHPWckjgTd6x/view?usp=drivesdk,,НАЙДЕНО И ПОДШИТО,False,,29,29,018__ИС 1-го слоя утеплителя фасада в_о 2_Ж-Г.pdf,"[{""path"": ""/home/runner/work/Graf/Graf/.work_sh550/downloads/1NRhMIGz-29AbswGAEcC8lHPWckjgTd6x_ИС 1-го слоя утеплителя фасада в_о 2_Ж-Г.pdf"", ""label"": ""ИС 1-го слоя утеплителя фасада в_о 2_Ж-Г.pdf"", ""pages"": [], ""drive_id"": ""1NRhMIGz-29AbswGAEcC8lHPWckjgTd6x"", ""sha256"": ""a4afb3913e2f169c9dbd1afeda9e04dd60f99f3d05ba0d8d6ab7f930a29b0e6c"", ""page_count"": 1}]",
утепление 1 слой,19,24,Исполнительная схема монтажа 1-го слоя утеплителя НВФ в/о 2-7/В-Г,,"ООО ""ОСВ-Строй""",НАЙДЕНО В DRIVE / НЕ ВЫГРУЖЕНО В PDF,ИС 1-го слоя утеплителя на фасаде в_о 2-7_В-Г.pdf,Анохин / Фасад в осях 2-7_В-Г,https://drive.google.com/file/d/1pN5zBUH_D1iTxqG29UL7L5euh_A-p_V2/view?usp=drivesdk,,НАЙДЕНО И ПОДШИТО,False,,30,30,019__ИС 1-го слоя утеплителя на фасаде в_о 2-7_В-Г.pdf,"[{""path"": ""/home/runner/work/Graf/Graf/.work_sh550/downloads/1pN5zBUH_D1iTxqG29UL7L5euh_A-p_V2_ИС 1-го слоя утеплителя на фасаде в_о 2-7_В-Г.pdf"", ""label"": ""ИС 1-го слоя утеплителя на фасаде в_о 2-7_В-Г.pdf"", ""pages"": [], ""drive_id"": ""1pN5zBUH_D1iTxqG29UL7L5euh_A-p_V2"", ""sha256"": ""4aff242a0a3b438df2c680eecfd812bdc18042b6ddd639991ddfc479d501b668"", ""page_count"": 1}]",
утепление 1 слой,20,25,Исполнительная схема монтажа 1-го слоя утеплителя НВФ в/о 2/Т-И и 3-6/И,,"ООО ""ОСВ-Строй""",НАЙДЕНО В DRIVE / ПРОВЕРИТЬ,ИС 1 слоя утеплителя на фасаде в_о 3_Т-И.pdf,Анохин / Фасад в осях 3_Т-И,https://drive.google.com/file/d/1EZA6L5-HYjSr1NLuuhockyDkM85IAhBZ/view?usp=drivesdk,Частичное совпадение: в реестре оси 2/Т-И и 3-6/И; в архиве найден комплект по фасаду 3_Т-И.,ЧАСТИЧНОЕ СООТВЕТСТВИЕ — ЗАГЛУШКА + КАНДИДАТ,True,Частичное совпадение: в реестре оси 2/Т-И и 3-6/И; в архиве найден комплект по фасаду 3_Т-И.,31,32,020_00_PLACEHOLDER.pdf | 020__ИС 1 слоя утеплителя на фасаде в_о 3_Т-И.pdf,"[{""path"": ""/home/runner/work/Graf/Graf/.work_sh550/downloads/1EZA6L5-HYjSr1NLuuhockyDkM85IAhBZ_ИС 1 слоя утеплителя на фасаде в_о 3_Т-И.pdf"", ""label"": ""ИС 1 слоя утеплителя на фасаде в_о 3_Т-И.pdf"", ""pages"": [], ""drive_id"": ""1EZA6L5-HYjSr1NLuuhockyDkM85IAhBZ"", ""sha256"": ""2f7e5ba0cc6b3260397e294411bd70f5156a2f27fce40cf8eea25b2114cb1096"", ""page_count"": 1}]",
утепление 1 слой,21,26,Исполнительная схема монтажа 1-го слоя утеплителя НВФ в/о 5-6/И-Е и 5-7/И,,"ООО ""ОСВ-Строй""",НАЙДЕНО В DRIVE / ПРОВЕРИТЬ,ИС 1 слоя утеплителя на фасаде в_о 5-7_Е-И.pdf,Анохин / Фасад в осях 5-7_Е-И,https://drive.google.com/file/d/17A3o-D5qnyhRscyT9jjESmtCCAILcjBr/view?usp=drivesdk,Частичное совпадение: в реестре оси 5-6/И-Е и 5-7/И; в архиве найден комплект по фасаду 5-7_Е-И.,ЧАСТИЧНОЕ СООТВЕТСТВИЕ — ЗАГЛУШКА + КАНДИДАТ,True,Частичное совпадение: в реестре оси 5-6/И-Е и 5-7/И; в архиве найден комплект по фасаду 5-7_Е-И.,33,34,021_00_PLACEHOLDER.pdf | 021__ИС 1 слоя утеплителя на фасаде в_о 5-7_Е-И.pdf,"[{""path"": ""/home/runner/work/Graf/Graf/.work_sh550/downloads/17A3o-D5qnyhRscyT9jjESmtCCAILcjBr_ИС 1 слоя утеплителя на фасаде в_о 5-7_Е-И.pdf"", ""label"": ""ИС 1 слоя утеплителя на фасаде в_о 5-7_Е-И.pdf"", ""pages"": [], ""drive_id"": ""17A3o-D5qnyhRscyT9jjESmtCCAILcjBr"", ""sha256"": ""c998587b5a85362be2f175d6a28e2adf6cbc96a61da3d18fb2f1a9d4aab039cf"", ""page_count"": 1}]",
утепление 1 слой,22,27,Исполнительная схема монтажа 1-го слоя утеплителя НВФ в/о 7/В-И ,,"ООО ""ОСВ-Строй""",НАЙДЕНО В DRIVE / НЕ ВЫГРУЖЕНО В PDF,ИС 1-го слоя утепления на фасаде в_о 7_В-И.pdf,Анохин / Фасад в осях 7_В-И,https://drive.google.com/file/d/1WKWh_-BwRdrplSAT8xtf3QwJjpxVeelW/view?usp=drivesdk,,НАЙДЕНО И ПОДШИТО,False,,35,35,022__ИС 1-го слоя утепления на фасаде в_о 7_В-И.pdf,"[{""path"": ""/home/runner/work/Graf/Graf/.work_sh550/downloads/1WKWh_-BwRdrplSAT8xtf3QwJjpxVeelW_ИС 1-го слоя утепления на фасаде в_о 7_В-И.pdf"", ""label"": ""ИС 1-го слоя утепления на фасаде в_о 7_В-И.pdf"", ""pages"": [], ""drive_id"": ""1WKWh_-BwRdrplSAT8xtf3QwJjpxVeelW"", ""sha256"": ""59cc2d516a9ad647c95bcd2e3442edc9be5a18a7542005c9c8c63c4208a270ea"", ""page_count"": 1}]",
утепление 1 слой,23,28,Исполнительная схема монтажа 1-го слоя утеплителя НВФ в/о 7/В-И. Узлы,,"ООО ""ОСВ-Строй""",НАЙДЕНО В DRIVE / НЕ ВЫГРУЖЕНО В PDF,ИС 1-го слоя утепления на фасаде в_о 7_В-И. Узлы.pdf,Анохин / Фасад в осях 7_В-И,https://drive.google.com/file/d/19zWIVXelmzWpuGZYGSIunkFDqbkBEbNR/view?usp=drivesdk,,НАЙДЕНО И ПОДШИТО,False,,36,36,023__ИС 1-го слоя утепления на фасаде в_о 7_В-И. Узлы.pdf,"[{""path"": ""/home/runner/work/Graf/Graf/.work_sh550/downloads/19zWIVXelmzWpuGZYGSIunkFDqbkBEbNR_ИС 1-го слоя утепления на фасаде в_о 7_В-И. Узлы.pdf"", ""label"": ""ИС 1-го слоя утепления на фасаде в_о 7_В-И. Узлы.pdf"", ""pages"": [], ""drive_id"": ""19zWIVXelmzWpuGZYGSIunkFDqbkBEbNR"", ""sha256"": ""7133d931d1ca8d3d2de0b678e53098ab918063cda925976d6dd79c56b93f65aa"", ""page_count"": 1}]",
утепление 1 слой,24,29,Исполнительная схема монтажа 1-го слоя утеплителя НВФ в/о 7-13/И ,,"ООО ""ОСВ-Строй""",НАЙДЕНО В DRIVE / НЕ ВЫГРУЖЕНО В PDF,ИС 1 слоя утеплителя на фасаде в_о 7-13_И.pdf,Анохин / Фасад в осях 7-13_И,https://drive.google.com/file/d/1Xas6J1CDDZNdKfOAj9tO0Wk67Oq5T9Nu/view?usp=drivesdk,,НАЙДЕНО И ПОДШИТО,False,,37,37,024__ИС 1 слоя утеплителя на фасаде в_о 7-13_И.pdf,"[{""path"": ""/home/runner/work/Graf/Graf/.work_sh550/downloads/1Xas6J1CDDZNdKfOAj9tO0Wk67Oq5T9Nu_ИС 1 слоя утеплителя на фасаде в_о 7-13_И.pdf"", ""label"": ""ИС 1 слоя утеплителя на фасаде в_о 7-13_И.pdf"", ""pages"": [], ""drive_id"": ""1Xas6J1CDDZNdKfOAj9tO0Wk67Oq5T9Nu"", ""sha256"": ""c66b38080cb142028fdb253470f4dcac82c0ae81477a30edbf1979a20964d2e4"", ""page_count"": 1}]",
утепление 1 слой,25,30,Исполнительная схема монтажа 1-го слоя утеплителя НВФ в/о 12-15/В-А ,,"ООО ""ОСВ-Строй""",НАЙДЕНО В DRIVE / НЕ ВЫГРУЖЕНО В PDF,ИС 1 слоя утеплителя на фасаде в_о 12-15_В-А.pdf,Анохин / Фасад в осях 12-15_В-А,https://drive.google.com/file/d/1LNTy03uHy1994kN8BBAu3qb6S-VqWhS6/view?usp=drivesdk,,НАЙДЕНО И ПОДШИТО,False,,38,38,025__ИС 1 слоя утеплителя на фасаде в_о 12-15_В-А.pdf,"[{""path"": ""/home/runner/work/Graf/Graf/.work_sh550/downloads/1LNTy03uHy1994kN8BBAu3qb6S-VqWhS6_ИС 1 слоя утеплителя на фасаде в_о 12-15_В-А.pdf"", ""label"": ""ИС 1 слоя утеплителя на фасаде в_о 12-15_В-А.pdf"", ""pages"": [], ""drive_id"": ""1LNTy03uHy1994kN8BBAu3qb6S-VqWhS6"", ""sha256"": ""454e1b5781c57f784405e49d0c72a8fcaf0593a3d8a84ab64669459446dffac7"", ""page_count"": 1}]",
утепление 1 слой,26,31,Исполнительная схема монтажа 1-го слоя утеплителя НВФ в/о 13-17/В-А ,,"ООО ""ОСВ-Строй""",НАЙДЕНО В DRIVE / НЕ ВЫГРУЖЕНО В PDF,ИС 1 слоя утеплителя на фасаде в_о 13-17_В-А.pdf,Анохин / Фасад в осях 13-17_В-А,https://drive.google.com/file/d/1WSSFyDOr9Xbqr96r1hI_dOWpAG5RrM3E/view?usp=drivesdk,,НАЙДЕНО И ПОДШИТО,False,,39,39,026__ИС 1 слоя утеплителя на фасаде в_о 13-17_В-А.pdf,"[{""path"": ""/home/runner/work/Graf/Graf/.work_sh550/downloads/1WSSFyDOr9Xbqr96r1hI_dOWpAG5RrM3E_ИС 1 слоя утеплителя на фасаде в_о 13-17_В-А.pdf"", ""label"": ""ИС 1 слоя утеплителя на фасаде в_о 13-17_В-А.pdf"", ""pages"": [], ""drive_id"": ""1WSSFyDOr9Xbqr96r1hI_dOWpAG5RrM3E"", ""sha256"": ""8f80ee683bf69706e91ef91e360a311c2aef4ad2bc8ceb816363978bec8b9496"", ""page_count"": 1}]",
утепление 1 слой,27,32,Исполнительная схема монтажа 1-го слоя утеплителя НВФ в/о 12-17/В-А. Узлы ,,"ООО ""ОСВ-Строй""",НАЙДЕНО В DRIVE / НЕ ВЫГРУЖЕНО В PDF,ИС 1 слоя утеплителя на фасаде в_о 12-17_В-А  Узлы.pdf,Анохин / Фасад в осях 12-17_В-А,https://drive.google.com/file/d/1SPEK97tJ5X74i0wII1hq3wGuCcIbHt0M/view?usp=drivesdk,,НАЙДЕНО И ПОДШИТО,False,,40,40,027__ИС 1 слоя утеплителя на фасаде в_о 12-17_В-А Узлы.pdf,"[{""path"": ""/home/runner/work/Graf/Graf/.work_sh550/downloads/1SPEK97tJ5X74i0wII1hq3wGuCcIbHt0M_ИС 1 слоя утеплителя на фасаде в_о 12-17_В-А Узлы.pdf"", ""label"": ""ИС 1 слоя утеплителя на фасаде в_о 12-17_В-А  Узлы.pdf"", ""pages"": [], ""drive_id"": ""1SPEK97tJ5X74i0wII1hq3wGuCcIbHt0M"", ""sha256"": ""51aedaadb6e2648d52b4d1a4f4af4a8da15d09895a1957609c447f650b1e9316"", ""page_count"": 1}]",
утепление 1 слой,28,33,Исполнительная схема монтажа 1-го слоя утеплителя НВФ в/о 13/И-В,,"ООО ""ОСВ-Строй""",НАЙДЕНО В DRIVE / НЕ ВЫГРУЖЕНО В PDF,ИС 1 слоя утеплителя на фасаде в_о 13_И-В.pdf,Анохин / Фасад в осях 13_И-В,https://drive.google.com/file/d/1bTDDaKnodmomd-WIR56orIAOxc9TH33g/view?usp=drivesdk,,НАЙДЕНО И ПОДШИТО,False,,41,41,028__ИС 1 слоя утеплителя на фасаде в_о 13_И-В.pdf,"[{""path"": ""/home/runner/work/Graf/Graf/.work_sh550/downloads/1bTDDaKnodmomd-WIR56orIAOxc9TH33g_ИС 1 слоя утеплителя на фасаде в_о 13_И-В.pdf"", ""label"": ""ИС 1 слоя утеплителя на фасаде в_о 13_И-В.pdf"", ""pages"": [], ""drive_id"": ""1bTDDaKnodmomd-WIR56orIAOxc9TH33g"", ""sha256"": ""72696ad7eed84bf8a7b7bd49c470db41ce7485c1a6a6fda23ca53fbdd88efc4c"", ""page_count"": 1}]",
утепление 1 слой,29,34,Исполнительная схема монтажа 1-го слоя утеплителя НВФ в/о 13/И-В. Узлы,,"ООО ""ОСВ-Строй""",НАЙДЕНО В DRIVE / НЕ ВЫГРУЖЕНО В PDF,ИС 1 слоя утеплителя на фасаде в_о 13_И-В  Узлы.pdf,Анохин / Фасад в осях 13_И-В,https://drive.google.com/file/d/1sy4pBa5PzB8_qEf4fA9rOLOK7m9VLLXZ/view?usp=drivesdk,,НАЙДЕНО И ПОДШИТО,False,,42,42,029__ИС 1 слоя утеплителя на фасаде в_о 13_И-В Узлы.pdf,"[{""path"": ""/home/runner/work/Graf/Graf/.work_sh550/downloads/1sy4pBa5PzB8_qEf4fA9rOLOK7m9VLLXZ_ИС 1 слоя утеплителя на фасаде в_о 13_И-В Узлы.pdf"", ""label"": ""ИС 1 слоя утеплителя на фасаде в_о 13_И-В  Узлы.pdf"", ""pages"": [], ""drive_id"": ""1sy4pBa5PzB8_qEf4fA9rOLOK7m9VLLXZ"", ""sha256"": ""3491711e7b6bd9eae80127ca2c34e152dd5ef2ed4bae0a27cbc324bb944735ac"", ""page_count"": 1}]",
утепление 1 слой,30,35,Исполнительная схема монтажа 1-го слоя утеплителя НВФ в/о 17/А-Т,,"ООО ""ОСВ-Строй""",НАЙДЕНО В DRIVE / НЕ ВЫГРУЖЕНО В PDF,ИС 1 слоя утеплителя на фасаде в_о 17_А-Т.pdf,Анохин / Фасад в осях 17_А-Т,https://drive.google.com/file/d/1z0QJKXgJkVY5oA5-HDznkztep0oCPMkE/view?usp=drivesdk,,НАЙДЕНО И ПОДШИТО,False,,43,43,030__ИС 1 слоя утеплителя на фасаде в_о 17_А-Т.pdf,"[{""path"": ""/home/runner/work/Graf/Graf/.work_sh550/downloads/1z0QJKXgJkVY5oA5-HDznkztep0oCPMkE_ИС 1 слоя утеплителя на фасаде в_о 17_А-Т.pdf"", ""label"": ""ИС 1 слоя утеплителя на фасаде в_о 17_А-Т.pdf"", ""pages"": [], ""drive_id"": ""1z0QJKXgJkVY5oA5-HDznkztep0oCPMkE"", ""sha256"": ""add3a44c7652da8c22ab6d2086e9b19e2eb2010169d536bab05b5e21541877a7"", ""page_count"": 1}]",
утепление 2 слой,1,6,Паспорт на изделие теплоизоляцион. из камен. ваты ВЕНТИ БАТТС 50 мм,№ 28.12.23/3/POER-10905.1.1 от 28.12.2024 г.,"ООО ""РОКВУЛ""",НАЙДЕНО В DRIVE / НЕ ВЫГРУЖЕНО В PDF,Паспорт 28.12.23_3_POER-10905.1.1 Венти БАТТС.pdf,Утеплитель для фасада,https://drive.google.com/file/d/1mJ2Vu05u13BiZOKq-ZV0S1FfoJYXI1-j/view?usp=drivesdk,,НАЙДЕНО И ПОДШИТО,False,,3,3,001__Паспорт 28.12.23_3_POER-10905.1.1 Венти БАТТС.pdf,"[{""path"": ""/home/runner/work/Graf/Graf/.work_sh550/downloads/1mJ2Vu05u13BiZOKq-ZV0S1FfoJYXI1-j_Паспорт 28.12.23_3_POER-10905.1.1 Венти БАТТС.pdf"", ""label"": ""Паспорт 28.12.23_3_POER-10905.1.1 Венти БАТТС.pdf"", ""pages"": [], ""drive_id"": ""1mJ2Vu05u13BiZOKq-ZV0S1FfoJYXI1-j"", ""sha256"": ""e1a83f7afe70dbe388e194bc912aa7e7b089259a4204ec742ecb0121dcfc9cea"", ""page_count"": 1}]",
утепление 2 слой,2,7,Паспорт на изделие теплоизоляцион. из камен. ваты ВЕНТИ БАТТС 50 мм,№ 10.01.24/3/POER-69.1.1 от 11.01.2024 г.,"ООО ""РОКВУЛ""",НАЙДЕНО В DRIVE / НЕ ВЫГРУЖЕНО В PDF,Паспорт 10.01.24_3_POER-69.1.1 Венти Баттс 50 мм.pdf,Утеплитель для фасада,https://drive.google.com/file/d/15ylM92g86nwLBZOnfBGIp6YoljFw8hHg/view?usp=drivesdk,,НАЙДЕНО И ПОДШИТО,False,,4,4,002__Паспорт 10.01.24_3_POER-69.1.1 Венти Баттс 50 мм.pdf,"[{""path"": ""/home/runner/work/Graf/Graf/.work_sh550/downloads/15ylM92g86nwLBZOnfBGIp6YoljFw8hHg_Паспорт 10.01.24_3_POER-69.1.1 Венти Баттс 50 мм.pdf"", ""label"": ""Паспорт 10.01.24_3_POER-69.1.1 Венти Баттс 50 мм.pdf"", ""pages"": [], ""drive_id"": ""15ylM92g86nwLBZOnfBGIp6YoljFw8hHg"", ""sha256"": ""fd394361b71aac13ef6fff0bcf951da27826d732a970bad49782bfa5e41b483d"", ""page_count"": 1}]",
утепление 2 слой,3,8,Паспорт на изделие теплоизоляцион. из камен. ваты ВЕНТИ БАТТС 50 мм,№ 25.01.24/1/124000017.1.1 от 25.01.2024 г.,"ООО ""РОКВУЛ""",НАЙДЕНО В DRIVE / НЕ ВЫГРУЖЕНО В PDF,Паспорт 25.01.24_1_124000017.1.1 Венти Баттс 50 мм.pdf,Утеплитель для фасада,https://drive.google.com/file/d/1TvQpcRAvqLl17SvxuWxve_lb97VlymjJ/view?usp=drivesdk,,НАЙДЕНО И ПОДШИТО,False,,5,5,003__Паспорт 25.01.24_1_124000017.1.1 Венти Баттс 50 мм.pdf,"[{""path"": ""/home/runner/work/Graf/Graf/.work_sh550/downloads/1TvQpcRAvqLl17SvxuWxve_lb97VlymjJ_Паспорт 25.01.24_1_124000017.1.1 Венти Баттс 50 мм.pdf"", ""label"": ""Паспорт 25.01.24_1_124000017.1.1 Венти Баттс 50 мм.pdf"", ""pages"": [], ""drive_id"": ""1TvQpcRAvqLl17SvxuWxve_lb97VlymjJ"", ""sha256"": ""09dfb51878c8f6f8950f625459fdeada756b2b07c4444adb1e14254fb47ea040"", ""page_count"": 1}]",
утепление 2 слой,4,9,Сертификат соответствия на изделия теплоизоляционные из каменной ваты,№ РОСС С-RU.ЧС13.В.00360/20 с 20.04.2020 г. по 20.04.2025 г.,"ООО ""РОКВУЛ""",НАЙДЕНО В DRIVE / НЕ ВЫГРУЖЕНО В PDF,ПожСерт.соотв RU C-RU.ЧС13.В.00360_20.pdf,Утеплитель для фасада,https://drive.google.com/file/d/1Lwc2HCtKH5JLqeSV_WYmmCnZ8Kpq-quI/view?usp=drivesdk,,НАЙДЕНО И ПОДШИТО,False,,6,10,004__ПожСерт.соотв RU C-RU.ЧС13.В.00360_20.pdf,"[{""path"": ""/home/runner/work/Graf/Graf/.work_sh550/downloads/1Lwc2HCtKH5JLqeSV_WYmmCnZ8Kpq-quI_ПожСерт.соотв RU C-RU.ЧС13.В.00360_20.pdf"", ""label"": ""ПожСерт.соотв RU C-RU.ЧС13.В.00360_20.pdf"", ""pages"": [], ""drive_id"": ""1Lwc2HCtKH5JLqeSV_WYmmCnZ8Kpq-quI"", ""sha256"": ""39c2a87900de7d12d7cecf2114a744870a0d28549ffe810f025e92f951455b62"", ""page_count"": 5}]",
утепление 2 слой,5,10,Экспертное заключение о соответствии продукции Единым санитарно-эпидемиологическим и гигиеническим требованиям,№ 2208/04 от 26.08.2022 г.,"ООО ""РОКВУЛ""",НАЙДЕНО В DRIVE / НЕ ВЫГРУЖЕНО В PDF,Экспетное заключение 2208_04 на РОКВУЛ.pdf,Утеплитель для фасада,https://drive.google.com/file/d/1EMeCz7b7R_6oLtxQtoYsqKeywR_IJ5mm/view?usp=drivesdk,,НАЙДЕНО И ПОДШИТО,False,,11,12,005__Экспетное заключение 2208_04 на РОКВУЛ.pdf,"[{""path"": ""/home/runner/work/Graf/Graf/.work_sh550/downloads/1EMeCz7b7R_6oLtxQtoYsqKeywR_IJ5mm_Экспетное заключение 2208_04 на РОКВУЛ.pdf"", ""label"": ""Экспетное заключение 2208_04 на РОКВУЛ.pdf"", ""pages"": [], ""drive_id"": ""1EMeCz7b7R_6oLtxQtoYsqKeywR_IJ5mm"", ""sha256"": ""2ba860f45972a1c8820aba030ee6d45777bae7b77ec4ac88aad17a65711a5d23"", ""page_count"": 2}]",
утепление 2 слой,6,11,Паспорт качества на дюбель для теплоизоляции IZL-T,№ УТ-11150 от 15.06.2023 г.,"ООО ""ТПК Тех-КРЕП""",НАЙДЕНО В DRIVE / НЕ ВЫГРУЖЕНО В PDF,Паспорт качества на дюбель тарельчатый.pdf,Утеплитель для фасада,https://drive.google.com/file/d/1riuYEjDf4vs7e2cW0zywacfz3P5h0nP-/view?usp=drivesdk,,НАЙДЕНО И ПОДШИТО,False,,13,13,006__Паспорт качества на дюбель тарельчатый.pdf,"[{""path"": ""/home/runner/work/Graf/Graf/.work_sh550/downloads/1riuYEjDf4vs7e2cW0zywacfz3P5h0nP-_Паспорт качества на дюбель тарельчатый.pdf"", ""label"": ""Паспорт качества на дюбель тарельчатый.pdf"", ""pages"": [], ""drive_id"": ""1riuYEjDf4vs7e2cW0zywacfz3P5h0nP-"", ""sha256"": ""41bc1ec1ce5f45e6310a3795a47d71b8120577bf55eab76deb4cb6fc50c1b10c"", ""page_count"": 1}]",
утепление 2 слой,7,12,Сертификат соответствия на изделия крепежные из полимерных материалов,№ РОСС RU.НВ61.Н14338 с 12.10.2020 г. по 11.10.2023 г.,"Торговая марка ""Тех-КРЕП""",НАЙДЕНО В DRIVE / НЕ ВЫГРУЖЕНО В PDF,Сертификат соответстаия № РОСС RU.HB61.H14338 на дюбель.pdf,Утеплитель для фасада,https://drive.google.com/file/d/1NZkv515fZ23b8Jtx_7iHJMH98fN8KqQ1/view?usp=drivesdk,,НАЙДЕНО И ПОДШИТО,False,,14,16,007__Сертификат соответстаия № РОСС RU.HB61.H14338 на дюбель.pdf,"[{""path"": ""/home/runner/work/Graf/Graf/.work_sh550/downloads/1NZkv515fZ23b8Jtx_7iHJMH98fN8KqQ1_Сертификат соответстаия № РОСС RU.HB61.H14338 на дюбель.pdf"", ""label"": ""Сертификат соответстаия № РОСС RU.HB61.H14338 на дюбель.pdf"", ""pages"": [], ""drive_id"": ""1NZkv515fZ23b8Jtx_7iHJMH98fN8KqQ1"", ""sha256"": ""ea8772d52ec74f712e7b631c4d81b85363a1c1db0f0133eded6019739693b234"", ""page_count"": 3}]",
утепление 2 слой,8,13,Сертификат соответствия на изделия крепежные из полимерных материалов,№ РОСС RU. З2001.04ИБФ1.ОСП28.40001 с 27.09.2023 г. по 26.09.2026 г.,"ООО ""ТПК Тех-КРЕП""",НАЙДЕНО В DRIVE / НЕ ВЫГРУЖЕНО В PDF,Сертификат соответствия № РОСС RU.32001.04ИБФ1.ОСП28.40001 на дюбель.pdf,Утеплитель для фасада,https://drive.google.com/file/d/1kyF47c16lOfI1aDWO9ByI7EeX0vVLQYh/view?usp=drivesdk,,НАЙДЕНО И ПОДШИТО,False,,17,19,008__Сертификат соответствия № РОСС RU.32001.04ИБФ1.ОСП28.40001 на дюбель.pdf,"[{""path"": ""/home/runner/work/Graf/Graf/.work_sh550/downloads/1kyF47c16lOfI1aDWO9ByI7EeX0vVLQYh_Сертификат соответствия № РОСС RU.32001.04ИБФ1.ОСП28.40001 на дюбель.pdf"", ""label"": ""Сертификат соответствия № РОСС RU.32001.04ИБФ1.ОСП28.40001 на дюбель.pdf"", ""pages"": [], ""drive_id"": ""1kyF47c16lOfI1aDWO9ByI7EeX0vVLQYh"", ""sha256"": ""0f2ad055e0c23463b896e796f6b4fd31a2a1d8415f0762885166b784788e7b50"", ""page_count"": 3}]",
утепление 2 слой,9,14,Исполнительная схема монтажа 2-го слоя утеплителя НВФ в/о 1/Т-Е,,"ООО ""ОСВ-Строй""",НАЙДЕНО В DRIVE / НЕ ВЫГРУЖЕНО В PDF,ИС утепления фасада 2 слой в_о 1_Е-Т.pdf,Анохин / Фасад в осях 1_Е-Т,https://drive.google.com/file/d/1dHtQ5fGrSBjszRMjTYu8asvxu-jU6jlc/view?usp=drivesdk,,НАЙДЕНО И ПОДШИТО,False,,20,20,009__ИС утепления фасада 2 слой в_о 1_Е-Т.pdf,"[{""path"": ""/home/runner/work/Graf/Graf/.work_sh550/downloads/1dHtQ5fGrSBjszRMjTYu8asvxu-jU6jlc_ИС утепления фасада 2 слой в_о 1_Е-Т.pdf"", ""label"": ""ИС утепления фасада 2 слой в_о 1_Е-Т.pdf"", ""pages"": [], ""drive_id"": ""1dHtQ5fGrSBjszRMjTYu8asvxu-jU6jlc"", ""sha256"": ""829406239d56a8e28c0a72cbfa861e5539a821c81d8a8923aab5129325b174b0"", ""page_count"": 1}]",
утепление 2 слой,10,15,Исполнительная схема монтажа 2-го слоя утеплителя НВФ в/о 1/Т-Е. Узлы,,"ООО ""ОСВ-Строй""",НАЙДЕНО В DRIVE / НЕ ВЫГРУЖЕНО В PDF,ИС утепления фасада в_о 1_Е-Т.  Узлы.pdf,Анохин / Фасад в осях 1_Е-Т,https://drive.google.com/file/d/1rWLa8-eA3Sy4nk5MlIzmlYSaoOey6GcI/view?usp=drivesdk,,НАЙДЕНО И ПОДШИТО,False,,21,21,010__ИС утепления фасада в_о 1_Е-Т. Узлы.pdf,"[{""path"": ""/home/runner/work/Graf/Graf/.work_sh550/downloads/1rWLa8-eA3Sy4nk5MlIzmlYSaoOey6GcI_ИС утепления фасада в_о 1_Е-Т. Узлы.pdf"", ""label"": ""ИС утепления фасада в_о 1_Е-Т.  Узлы.pdf"", ""pages"": [], ""drive_id"": ""1rWLa8-eA3Sy4nk5MlIzmlYSaoOey6GcI"", ""sha256"": ""06db96a8580d59612e295812262e2d37bb1b720179e792c4a3a9f97a3aabb771"", ""page_count"": 1}]",
утепление 2 слой,11,16,Исполнительная схема монтажа 2-го слоя утеплителя НВФ в/о 1-7/Е-Ж,,"ООО ""ОСВ-Строй""",НАЙДЕНО В DRIVE / НЕ ВЫГРУЖЕНО В PDF,ИС утепления фасада 2 слой в_о 1-7_Е-Ж.pdf,Анохин / Фасад в осях 1-7_Е-Ж,https://drive.google.com/file/d/1EDOkRDwO8IuxPDqDmQqRY7YFfLCyrzMq/view?usp=drivesdk,,НАЙДЕНО И ПОДШИТО,False,,22,22,011__ИС утепления фасада 2 слой в_о 1-7_Е-Ж.pdf,"[{""path"": ""/home/runner/work/Graf/Graf/.work_sh550/downloads/1EDOkRDwO8IuxPDqDmQqRY7YFfLCyrzMq_ИС утепления фасада 2 слой в_о 1-7_Е-Ж.pdf"", ""label"": ""ИС утепления фасада 2 слой в_о 1-7_Е-Ж.pdf"", ""pages"": [], ""drive_id"": ""1EDOkRDwO8IuxPDqDmQqRY7YFfLCyrzMq"", ""sha256"": ""94a0080f602324dbcebdc301de7bbd4be868f569b707fac49ebf29de742a9979"", ""page_count"": 1}]",
утепление 2 слой,12,17,Исполнительная схема монтажа 2-го слоя утеплителя НВФ в/о 17-1/Т (лист 13),,"ООО ""ОСВ-Строй""",НАЙДЕНО В DRIVE / НЕ ВЫГРУЖЕНО В PDF,ИС утеления 2 слой на фасаде в_о 17-1_Т лист 1.pdf,Анохин / Фасад в осях 17-1_Т,https://drive.google.com/file/d/1Qjiegvl9XXaS_fBaA21v2EgyJwenlmXm/view?usp=drivesdk,,НАЙДЕНО И ПОДШИТО,False,,23,23,012__ИС утеления 2 слой на фасаде в_о 17-1_Т лист 1.pdf,"[{""path"": ""/home/runner/work/Graf/Graf/.work_sh550/downloads/1Qjiegvl9XXaS_fBaA21v2EgyJwenlmXm_ИС утеления 2 слой на фасаде в_о 17-1_Т лист 1.pdf"", ""label"": ""ИС утеления 2 слой на фасаде в_о 17-1_Т лист 1.pdf"", ""pages"": [], ""drive_id"": ""1Qjiegvl9XXaS_fBaA21v2EgyJwenlmXm"", ""sha256"": ""7cc77143cc89b5f744c7d085ebba06a69eebe16ddccb2e933c8690203f14ca95"", ""page_count"": 1}]",
утепление 2 слой,13,18,Исполнительная схема монтажа 2-го слоя утеплителя НВФ в/о 17-1/Т (лист 14),,"ООО ""ОСВ-Строй""",НАЙДЕНО В DRIVE / НЕ ВЫГРУЖЕНО В PDF,ИС утеления 2 слой на фасаде в_о 17-1_Т лист 2.pdf,Анохин / Фасад в осях 17-1_Т,https://drive.google.com/file/d/1appzufKrdzojjHxS1mD6jPzT_BAw5Xkr/view?usp=drivesdk,,НАЙДЕНО И ПОДШИТО,False,,24,24,013__ИС утеления 2 слой на фасаде в_о 17-1_Т лист 2.pdf,"[{""path"": ""/home/runner/work/Graf/Graf/.work_sh550/downloads/1appzufKrdzojjHxS1mD6jPzT_BAw5Xkr_ИС утеления 2 слой на фасаде в_о 17-1_Т лист 2.pdf"", ""label"": ""ИС утеления 2 слой на фасаде в_о 17-1_Т лист 2.pdf"", ""pages"": [], ""drive_id"": ""1appzufKrdzojjHxS1mD6jPzT_BAw5Xkr"", ""sha256"": ""d828be26453796e8efc7f28b4142549624d5ce8170dc32f3f0eb6e033f4136f8"", ""page_count"": 1}]",
утепление 2 слой,14,19,Исполнительная схема монтажа 2-го слоя утеплителя НВФ в/о 17-1/Т (лист 15),,"ООО ""ОСВ-Строй""",НАЙДЕНО В DRIVE / НЕ ВЫГРУЖЕНО В PDF,ИС утеления 2 слой на фасаде в_о 17-1_Т лист 3.pdf,Анохин / Фасад в осях 17-1_Т,https://drive.google.com/file/d/1lRqpP38FuZQGTq-i-54F19WfnJtUlXA_/view?usp=drivesdk,,НАЙДЕНО И ПОДШИТО,False,,25,25,014__ИС утеления 2 слой на фасаде в_о 17-1_Т лист 3.pdf,"[{""path"": ""/home/runner/work/Graf/Graf/.work_sh550/downloads/1lRqpP38FuZQGTq-i-54F19WfnJtUlXA__ИС утеления 2 слой на фасаде в_о 17-1_Т лист 3.pdf"", ""label"": ""ИС утеления 2 слой на фасаде в_о 17-1_Т лист 3.pdf"", ""pages"": [], ""drive_id"": ""1lRqpP38FuZQGTq-i-54F19WfnJtUlXA_"", ""sha256"": ""dbc88b96e8af105228e60b641ca2413828e48ea03a503d492a63bf43d2842bcb"", ""page_count"": 1}]",
утепление 2 слой,15,20,Исполнительная схема монтажа 2-го слоя утеплителя НВФ в/о 17-1/Т (лист 16),,"ООО ""ОСВ-Строй""",НАЙДЕНО В DRIVE / НЕ ВЫГРУЖЕНО В PDF,ИС утеления 2 слой на фасаде в_о 17-1_Т лист 4.pdf,Анохин / Фасад в осях 17-1_Т,https://drive.google.com/file/d/12Q4R4jji1smgisd67MUzuyNU5GpW7tfs/view?usp=drivesdk,,НАЙДЕНО И ПОДШИТО,False,,26,26,015__ИС утеления 2 слой на фасаде в_о 17-1_Т лист 4.pdf,"[{""path"": ""/home/runner/work/Graf/Graf/.work_sh550/downloads/12Q4R4jji1smgisd67MUzuyNU5GpW7tfs_ИС утеления 2 слой на фасаде в_о 17-1_Т лист 4.pdf"", ""label"": ""ИС утеления 2 слой на фасаде в_о 17-1_Т лист 4.pdf"", ""pages"": [], ""drive_id"": ""12Q4R4jji1smgisd67MUzuyNU5GpW7tfs"", ""sha256"": ""fc63535d1fada80fdb1f531943c178027767143721cd65705fc0c20e22b55da1"", ""page_count"": 1}]",
утепление 2 слой,16,21,"Исполнительная схема монтажа 2-го слоя утеплителя НВФ в/о 17-1/Т (лист 17), в т.ч. Узлы",,"ООО ""ОСВ-Строй""",НАЙДЕНО В DRIVE / ПРОВЕРИТЬ,ИС утеления 2 слой на фасаде в_о 17-1_Т лист 5.pdf,Анохин / Фасад в осях 17-1_Т,https://drive.google.com/file/d/1i6dBLVnbhRsOtqmMIOUtVCKpAhCzKlfm/view?usp=drivesdk,В строке указано 'в т.ч. Узлы'; в архиве найден лист 17 без отдельного файла узлов.,"НАЙДЕНО, НАЛИЧИЕ УЗЛОВ ПОДТВЕРЖДЕНО",False,OCR выявил обозначение узлов на листе,27,27,016__ИС утеления 2 слой на фасаде в_о 17-1_Т лист 5.pdf,"[{""path"": ""/home/runner/work/Graf/Graf/.work_sh550/downloads/1i6dBLVnbhRsOtqmMIOUtVCKpAhCzKlfm_ИС утеления 2 слой на фасаде в_о 17-1_Т лист 5.pdf"", ""label"": ""ИС утеления 2 слой на фасаде в_о 17-1_Т лист 5.pdf"", ""pages"": [], ""drive_id"": ""1i6dBLVnbhRsOtqmMIOUtVCKpAhCzKlfm"", ""sha256"": ""6f3280af7ed7b6236d0a488411df76ac1f56f2231f81cc66780283ea83b52ade"", ""page_count"": 1}]",
утепление 2 слой,17,22,Исполнительная схема монтажа 2-го слоя утеплителя НВФ в/о 17-1/Т (лист 18),,"ООО ""ОСВ-Строй""",НАЙДЕНО В DRIVE / НЕ ВЫГРУЖЕНО В PDF,ИС утеления 2 слой на фасаде в_о 17-1_Т лист 6.pdf,Анохин / Фасад в осях 17-1_Т,https://drive.google.com/file/d/1OCa7ZD560Q4r6M3B2V_zxjGjeOLBjTvr/view?usp=drivesdk,,НАЙДЕНО И ПОДШИТО,False,,28,28,017__ИС утеления 2 слой на фасаде в_о 17-1_Т лист 6.pdf,"[{""path"": ""/home/runner/work/Graf/Graf/.work_sh550/downloads/1OCa7ZD560Q4r6M3B2V_zxjGjeOLBjTvr_ИС утеления 2 слой на фасаде в_о 17-1_Т лист 6.pdf"", ""label"": ""ИС утеления 2 слой на фасаде в_о 17-1_Т лист 6.pdf"", ""pages"": [], ""drive_id"": ""1OCa7ZD560Q4r6M3B2V_zxjGjeOLBjTvr"", ""sha256"": ""0d8b41502e26fd4f5296e931f1e057f67c1dc461309d73989adea8ee9c54a960"", ""page_count"": 1}]",
утепление 2 слой,18,23,Исполнительная схема монтажа 2-го слоя утеплителя НВФ в/о 2/Ж-Г,,"ООО ""ОСВ-Строй""",НАЙДЕНО В DRIVE / НЕ ВЫГРУЖЕНО В PDF,ИС 2-го слоя утеплителя фасада в_о 2_Ж-Г.pdf,Анохин / Фасад в осях 2_Ж-Г,https://drive.google.com/file/d/1UMOAJf6ueOyt71Z2g9g8-jVyL8JC-vCT/view?usp=drivesdk,,НАЙДЕНО И ПОДШИТО,False,,29,29,018__ИС 2-го слоя утеплителя фасада в_о 2_Ж-Г.pdf,"[{""path"": ""/home/runner/work/Graf/Graf/.work_sh550/downloads/1UMOAJf6ueOyt71Z2g9g8-jVyL8JC-vCT_ИС 2-го слоя утеплителя фасада в_о 2_Ж-Г.pdf"", ""label"": ""ИС 2-го слоя утеплителя фасада в_о 2_Ж-Г.pdf"", ""pages"": [], ""drive_id"": ""1UMOAJf6ueOyt71Z2g9g8-jVyL8JC-vCT"", ""sha256"": ""5f8c6ad1cec02923585332dce98efd14bbfa0f87a40497ee8d6da4d4234b674f"", ""page_count"": 1}]",
утепление 2 слой,19,24,Исполнительная схема монтажа 2-го слоя утеплителя НВФ в/о 2-7/В-Г,,"ООО ""ОСВ-Строй""",НАЙДЕНО В DRIVE / НЕ ВЫГРУЖЕНО В PDF,ИС 2-го слоя утеплителя на фасаде в_о 2-7_В-Г.pdf,Анохин / Фасад в осях 2-7_В-Г,https://drive.google.com/file/d/1rKbYG80L-z-9TNjRa2wo7tmBsBR8-Kji/view?usp=drivesdk,,НАЙДЕНО И ПОДШИТО,False,,30,30,019__ИС 2-го слоя утеплителя на фасаде в_о 2-7_В-Г.pdf,"[{""path"": ""/home/runner/work/Graf/Graf/.work_sh550/downloads/1rKbYG80L-z-9TNjRa2wo7tmBsBR8-Kji_ИС 2-го слоя утеплителя на фасаде в_о 2-7_В-Г.pdf"", ""label"": ""ИС 2-го слоя утеплителя на фасаде в_о 2-7_В-Г.pdf"", ""pages"": [], ""drive_id"": ""1rKbYG80L-z-9TNjRa2wo7tmBsBR8-Kji"", ""sha256"": ""d6ab4c3e7d705a7d7b12dc5a4bcd6ee1aa7d4d236a6abf96e6ff1e25244a5b1a"", ""page_count"": 1}]",
утепление 2 слой,20,25,Исполнительная схема монтажа 2-го слоя утеплителя НВФ в/о 2/Т-И и 3-6/И,,"ООО ""ОСВ-Строй""",НАЙДЕНО В DRIVE / ПРОВЕРИТЬ,ИС 2 слоя утеплителя на фасаде в_о 3_Т-И.pdf,Анохин / Фасад в осях 3_Т-И,https://drive.google.com/file/d/1WDHPJQ8Otn9Y5Hx-ITbt9lrrEwLRkWBV/view?usp=drivesdk,Частичное совпадение: в реестре оси 2/Т-И и 3-6/И; в архиве найден комплект по фасаду 3_Т-И.,ЧАСТИЧНОЕ СООТВЕТСТВИЕ — ЗАГЛУШКА + КАНДИДАТ,True,Частичное совпадение: в реестре оси 2/Т-И и 3-6/И; в архиве найден комплект по фасаду 3_Т-И.,31,32,020_00_PLACEHOLDER.pdf | 020__ИС 2 слоя утеплителя на фасаде в_о 3_Т-И.pdf,"[{""path"": ""/home/runner/work/Graf/Graf/.work_sh550/downloads/1WDHPJQ8Otn9Y5Hx-ITbt9lrrEwLRkWBV_ИС 2 слоя утеплителя на фасаде в_о 3_Т-И.pdf"", ""label"": ""ИС 2 слоя утеплителя на фасаде в_о 3_Т-И.pdf"", ""pages"": [], ""drive_id"": ""1WDHPJQ8Otn9Y5Hx-ITbt9lrrEwLRkWBV"", ""sha256"": ""2a74c794efd9452a49423b45d98ed76565abdb6a4d7ae03a7ca9f80487e47baf"", ""page_count"": 1}]",
утепление 2 слой,21,26,Исполнительная схема монтажа 2-го слоя утеплителя НВФ в/о 5-6/И-Е и 5-7/И,,"ООО ""ОСВ-Строй""",НАЙДЕНО В DRIVE / ПРОВЕРИТЬ,ИС 2 слоя утеплителя на фасаде в_о 5-7_Е-И.pdf,Анохин / Фасад в осях 5-7_Е-И,https://drive.google.com/file/d/1omzKseSkAvjHM2w4tvlb4AW3tvn_6GB5/view?usp=drivesdk,Частичное совпадение: в реестре оси 5-6/И-Е и 5-7/И; в архиве найден комплект по фасаду 5-7_Е-И.,ЧАСТИЧНОЕ СООТВЕТСТВИЕ — ЗАГЛУШКА + КАНДИДАТ,True,Частичное совпадение: в реестре оси 5-6/И-Е и 5-7/И; в архиве найден комплект по фасаду 5-7_Е-И.,33,34,021_00_PLACEHOLDER.pdf | 021__ИС 2 слоя утеплителя на фасаде в_о 5-7_Е-И.pdf,"[{""path"": ""/home/runner/work/Graf/Graf/.work_sh550/downloads/1omzKseSkAvjHM2w4tvlb4AW3tvn_6GB5_ИС 2 слоя утеплителя на фасаде в_о 5-7_Е-И.pdf"", ""label"": ""ИС 2 слоя утеплителя на фасаде в_о 5-7_Е-И.pdf"", ""pages"": [], ""drive_id"": ""1omzKseSkAvjHM2w4tvlb4AW3tvn_6GB5"", ""sha256"": ""31551279e39186107c34b7124577aadd889c956c8c0f7e4f3260e14f72ced322"", ""page_count"": 1}]",
утепление 2 слой,22,27,Исполнительная схема монтажа 2-го слоя утеплителя НВФ в/о 7/В-И ,,"ООО ""ОСВ-Строй""",НАЙДЕНО В DRIVE / НЕ ВЫГРУЖЕНО В PDF,ИС 2-го слоя утепления на фасаде в_о 7_В-И.pdf,Анохин / Фасад в осях 7_В-И,https://drive.google.com/file/d/11NJ3EDTEQLS7pJZg87fEMYpV7vWKBpoH/view?usp=drivesdk,,НАЙДЕНО И ПОДШИТО,False,,35,35,022__ИС 2-го слоя утепления на фасаде в_о 7_В-И.pdf,"[{""path"": ""/home/runner/work/Graf/Graf/.work_sh550/downloads/11NJ3EDTEQLS7pJZg87fEMYpV7vWKBpoH_ИС 2-го слоя утепления на фасаде в_о 7_В-И.pdf"", ""label"": ""ИС 2-го слоя утепления на фасаде в_о 7_В-И.pdf"", ""pages"": [], ""drive_id"": ""11NJ3EDTEQLS7pJZg87fEMYpV7vWKBpoH"", ""sha256"": ""70135a68b6fad81f89df1785c75b0ed75f55c975b52214f8d138a36eaeaee57f"", ""page_count"": 1}]",
утепление 2 слой,23,28,Исполнительная схема монтажа 2-го слоя утеплителя НВФ в/о 7/В-И. Узлы,,"ООО ""ОСВ-Строй""",НАЙДЕНО В DRIVE / НЕ ВЫГРУЖЕНО В PDF,ИС 2-го слоя утепления на фасаде в_о 7_В-И. Узлы.pdf,Анохин / Фасад в осях 7_В-И,https://drive.google.com/file/d/1hEKl_RfTvGGgfClhMe_Fb0juHxAfQbTU/view?usp=drivesdk,,НАЙДЕНО И ПОДШИТО,False,,36,36,023__ИС 2-го слоя утепления на фасаде в_о 7_В-И. Узлы.pdf,"[{""path"": ""/home/runner/work/Graf/Graf/.work_sh550/downloads/1hEKl_RfTvGGgfClhMe_Fb0juHxAfQbTU_ИС 2-го слоя утепления на фасаде в_о 7_В-И. Узлы.pdf"", ""label"": ""ИС 2-го слоя утепления на фасаде в_о 7_В-И. Узлы.pdf"", ""pages"": [], ""drive_id"": ""1hEKl_RfTvGGgfClhMe_Fb0juHxAfQbTU"", ""sha256"": ""9fc86f75b85ac523ae4614241dea15a13e7c023598bc45a06dc7500c26fe9f3e"", ""page_count"": 1}]",
утепление 2 слой,24,29,Исполнительная схема монтажа 2-го слоя утеплителя НВФ в/о 7-13/И ,,"ООО ""ОСВ-Строй""",НАЙДЕНО В DRIVE / НЕ ВЫГРУЖЕНО В PDF,ИС 2 слоя утеплителя на фасаде в_о 7-13_И.pdf,Анохин / Фасад в осях 7-13_И,https://drive.google.com/file/d/1sFZzU9fy2aC4a43xpjR8NVT3JhWT_Wyd/view?usp=drivesdk,,НАЙДЕНО И ПОДШИТО,False,,37,37,024__ИС 2 слоя утеплителя на фасаде в_о 7-13_И.pdf,"[{""path"": ""/home/runner/work/Graf/Graf/.work_sh550/downloads/1sFZzU9fy2aC4a43xpjR8NVT3JhWT_Wyd_ИС 2 слоя утеплителя на фасаде в_о 7-13_И.pdf"", ""label"": ""ИС 2 слоя утеплителя на фасаде в_о 7-13_И.pdf"", ""pages"": [], ""drive_id"": ""1sFZzU9fy2aC4a43xpjR8NVT3JhWT_Wyd"", ""sha256"": ""653a94761f62df889c7e291547e91ff2e99064cae3ac2ac886d4547875b3bc40"", ""page_count"": 1}]",
утепление 2 слой,25,30,Исполнительная схема монтажа 2-го слоя утеплителя НВФ в/о 12-15/В-А ,,"ООО ""ОСВ-Строй""",НАЙДЕНО В DRIVE / НЕ ВЫГРУЖЕНО В PDF,ИС 2 слоя утеплителя на фасаде в_о 12-15_В-А.pdf,Анохин / Фасад в осях 12-15_В-А,https://drive.google.com/file/d/1UxJT63YMTEtvabYHZtnmzB-oEITGtpbp/view?usp=drivesdk,,НАЙДЕНО И ПОДШИТО,False,,38,38,025__ИС 2 слоя утеплителя на фасаде в_о 12-15_В-А.pdf,"[{""path"": ""/home/runner/work/Graf/Graf/.work_sh550/downloads/1UxJT63YMTEtvabYHZtnmzB-oEITGtpbp_ИС 2 слоя утеплителя на фасаде в_о 12-15_В-А.pdf"", ""label"": ""ИС 2 слоя утеплителя на фасаде в_о 12-15_В-А.pdf"", ""pages"": [], ""drive_id"": ""1UxJT63YMTEtvabYHZtnmzB-oEITGtpbp"", ""sha256"": ""9ad16254cacee9f4b60fd193501e706a70a449c016cf2b2822a91f0db15727df"", ""page_count"": 1}]",
утепление 2 слой,26,31,Исполнительная схема монтажа 2-го слоя утеплителя НВФ в/о 13-17/В-А ,,"ООО ""ОСВ-Строй""",НАЙДЕНО В DRIVE / НЕ ВЫГРУЖЕНО В PDF,ИС 2 слоя утеплителя на фасаде в_о 13-17_В-А.pdf,Анохин / Фасад в осях 13-17_В-А,https://drive.google.com/file/d/1tZ5d8wEjXiyPzA_WiGiPyvU21SVdMJ4f/view?usp=drivesdk,,НАЙДЕНО И ПОДШИТО,False,,39,39,026__ИС 2 слоя утеплителя на фасаде в_о 13-17_В-А.pdf,"[{""path"": ""/home/runner/work/Graf/Graf/.work_sh550/downloads/1tZ5d8wEjXiyPzA_WiGiPyvU21SVdMJ4f_ИС 2 слоя утеплителя на фасаде в_о 13-17_В-А.pdf"", ""label"": ""ИС 2 слоя утеплителя на фасаде в_о 13-17_В-А.pdf"", ""pages"": [], ""drive_id"": ""1tZ5d8wEjXiyPzA_WiGiPyvU21SVdMJ4f"", ""sha256"": ""a5cf92217e101683f785bc0d17efe68f05eacf2e41fa10d3d006b731728ce286"", ""page_count"": 1}]",
утепление 2 слой,27,32,Исполнительная схема монтажа 2-го слоя утеплителя НВФ в/о 12-17/В-А. Узлы ,,"ООО ""ОСВ-Строй""",НАЙДЕНО В DRIVE / НЕ ВЫГРУЖЕНО В PDF,ИС 2 слоя утеплителя на фасаде в_о 12-17_В-А  Узлы.pdf,Анохин / Фасад в осях 12-17_В-А,https://drive.google.com/file/d/1oZ4QtQpKf-AFeFUGISYbP1B8V2SGt8QL/view?usp=drivesdk,,НАЙДЕНО И ПОДШИТО,False,,40,40,027__ИС 2 слоя утеплителя на фасаде в_о 12-17_В-А Узлы.pdf,"[{""path"": ""/home/runner/work/Graf/Graf/.work_sh550/downloads/1oZ4QtQpKf-AFeFUGISYbP1B8V2SGt8QL_ИС 2 слоя утеплителя на фасаде в_о 12-17_В-А Узлы.pdf"", ""label"": ""ИС 2 слоя утеплителя на фасаде в_о 12-17_В-А  Узлы.pdf"", ""pages"": [], ""drive_id"": ""1oZ4QtQpKf-AFeFUGISYbP1B8V2SGt8QL"", ""sha256"": ""149b13641801c0c6adba88127c4d56f3db9a67c7d2903b6ca3292edbe4c13c4e"", ""page_count"": 1}]",
утепление 2 слой,28,33,Исполнительная схема монтажа 2-го слоя утеплителя НВФ в/о 13/И-В,,"ООО ""ОСВ-Строй""",НАЙДЕНО В DRIVE / НЕ ВЫГРУЖЕНО В PDF,ИС 2 слоя утеплителя на фасаде в_о 13_И-В.pdf,Анохин / Фасад в осях 13_И-В,https://drive.google.com/file/d/18k7iQwIsG1HjIjWFZgtdl-_ZYQjxNDNk/view?usp=drivesdk,,НАЙДЕНО И ПОДШИТО,False,,41,41,028__ИС 2 слоя утеплителя на фасаде в_о 13_И-В.pdf,"[{""path"": ""/home/runner/work/Graf/Graf/.work_sh550/downloads/18k7iQwIsG1HjIjWFZgtdl-_ZYQjxNDNk_ИС 2 слоя утеплителя на фасаде в_о 13_И-В.pdf"", ""label"": ""ИС 2 слоя утеплителя на фасаде в_о 13_И-В.pdf"", ""pages"": [], ""drive_id"": ""18k7iQwIsG1HjIjWFZgtdl-_ZYQjxNDNk"", ""sha256"": ""fa67d61e2181214931cc5e36ce72a4aab483869af66621cc5c4e025dac56637a"", ""page_count"": 1}]",
утепление 2 слой,29,34,Исполнительная схема монтажа 2-го слоя утеплителя НВФ в/о 13/И-В. Узлы,,"ООО ""ОСВ-Строй""",НАЙДЕНО В DRIVE / НЕ ВЫГРУЖЕНО В PDF,ИС 2 слоя утеплителя на фасаде в_о 13_И-В  Узлы.pdf,Анохин / Фасад в осях 13_И-В,https://drive.google.com/file/d/1GVW2rNdySDWA9EdUIVZO9k52FaLn9vb2/view?usp=drivesdk,,НАЙДЕНО И ПОДШИТО,False,,42,42,029__ИС 2 слоя утеплителя на фасаде в_о 13_И-В Узлы.pdf,"[{""path"": ""/home/runner/work/Graf/Graf/.work_sh550/downloads/1GVW2rNdySDWA9EdUIVZO9k52FaLn9vb2_ИС 2 слоя утеплителя на фасаде в_о 13_И-В Узлы.pdf"", ""label"": ""ИС 2 слоя утеплителя на фасаде в_о 13_И-В  Узлы.pdf"", ""pages"": [], ""drive_id"": ""1GVW2rNdySDWA9EdUIVZO9k52FaLn9vb2"", ""sha256"": ""440e8f63af4bc0c82d1862e46f5f03a3c2a06073d02197d1628476a6e5d31c68"", ""page_count"": 1}]",
утепление 2 слой,30,35,Исполнительная схема монтажа 2-го слоя утеплителя НВФ в/о 17/А-Т,,"ООО ""ОСВ-Строй""",НАЙДЕНО В DRIVE / НЕ ВЫГРУЖЕНО В PDF,ИС 2 слоя утеплителя на фасаде в_о 17_А-Т.pdf,Анохин / Фасад в осях 17_А-Т,https://drive.google.com/file/d/1gMcKQrILyeDlTSVJUcfrWaRbrJVjancf/view?usp=drivesdk,,НАЙДЕНО И ПОДШИТО,False,,43,43,030__ИС 2 слоя утеплителя на фасаде в_о 17_А-Т.pdf,"[{""path"": ""/home/runner/work/Graf/Graf/.work_sh550/downloads/1gMcKQrILyeDlTSVJUcfrWaRbrJVjancf_ИС 2 слоя утеплителя на фасаде в_о 17_А-Т.pdf"", ""label"": ""ИС 2 слоя утеплителя на фасаде в_о 17_А-Т.pdf"", ""pages"": [], ""drive_id"": ""1gMcKQrILyeDlTSVJUcfrWaRbrJVjancf"", ""sha256"": ""9f7478beed4aac2414410805f952039f77b48fd8832e6a5ceb6a91a65a564658"", ""page_count"": 1}]",
направляющие,1,6,Паспорт качества на:,№ М-2074 от 23.05.2024 г.,"ООО ""Альтернатива""",НАЙДЕНО В DRIVE / НЕ ВЫГРУЖЕНО В PDF,"Паспорт качества б№ от 23.05.2024 на удлинители, профиль, фиксирующие накладки.pdf",Фасады,https://drive.google.com/file/d/1s3GW2iKf2xRjON-4KiGtN5hUoZVYAg15/view?usp=drivesdk,,НАЙДЕНО И ПОДШИТО,False,,4,5,"001__Паспорт качества б№ от 23.05.2024 на удлинители, профиль, фиксирующие накладки.pdf","[{""path"": ""/home/runner/work/Graf/Graf/.work_sh550/downloads/1s3GW2iKf2xRjON-4KiGtN5hUoZVYAg15_Паспорт качества б№ от 23.05.2024 на удлинители, профиль, фиксирующие накладки.pdf"", ""label"": ""Паспорт качества б№ от 23.05.2024 на удлинители, профиль, фиксирующие накладки.pdf"", ""pages"": [], ""drive_id"": ""1s3GW2iKf2xRjON-4KiGtN5hUoZVYAg15"", ""sha256"": ""25d6e402cb4764af114814799a2566655fc78df818e4d47708f16a341715d0a9"", ""page_count"": 2}]",
направляющие,2,17,Паспорт качества на:,№ М-2592 от 24.06.2024 г.,"ООО ""Альтернатива""",НАЙДЕНО В DRIVE / НЕ ВЫГРУЖЕНО В PDF,"Паспорт качества б№ от 24.06.2024 на клямеры, крепёжные уголки, профиль.pdf",Фасады,https://drive.google.com/file/d/1E4XSSo9pYLQHQY-krZHrNVeOHYy7Q12p/view?usp=drivesdk,,НАЙДЕНО И ПОДШИТО,False,,6,7,"002__Паспорт качества б№ от 24.06.2024 на клямеры, крепёжные уголки, профиль.pdf","[{""path"": ""/home/runner/work/Graf/Graf/.work_sh550/downloads/1E4XSSo9pYLQHQY-krZHrNVeOHYy7Q12p_Паспорт качества б№ от 24.06.2024 на клямеры, крепёжные уголки, профиль.pdf"", ""label"": ""Паспорт качества б№ от 24.06.2024 на клямеры, крепёжные уголки, профиль.pdf"", ""pages"": [], ""drive_id"": ""1E4XSSo9pYLQHQY-krZHrNVeOHYy7Q12p"", ""sha256"": ""1f32b435dd8dfb7eb7f5741873e211878e315735391b8e841fd854af12a15cdc"", ""page_count"": 2}]",
направляющие,3,49,"Паспорт качества на кляммер 1/2 старт. нерж. 430 1,2мм РЖ, RAL 8025",№ М-2797 от 04.07.2024 г.,"ООО ""Альтернатива""",НАЙДЕНО В DRIVE / НЕ ВЫГРУЖЕНО В PDF,Паспорт качества б№ от 04.07.2024 на кляммеры.pdf,Фасады,https://drive.google.com/file/d/1je0FikVORhuiqtT5ErUw_NNztI6-FQt2/view?usp=drivesdk,,НАЙДЕНО И ПОДШИТО,False,,8,8,003__Паспорт качества б№ от 04.07.2024 на кляммеры.pdf,"[{""path"": ""/home/runner/work/Graf/Graf/.work_sh550/downloads/1je0FikVORhuiqtT5ErUw_NNztI6-FQt2_Паспорт качества б№ от 04.07.2024 на кляммеры.pdf"", ""label"": ""Паспорт качества б№ от 04.07.2024 на кляммеры.pdf"", ""pages"": [], ""drive_id"": ""1je0FikVORhuiqtT5ErUw_NNztI6-FQt2"", ""sha256"": ""38b03b542187154e53d9079ec2314db189f31164448c127d719faaff81f097aa"", ""page_count"": 1}]",
направляющие,4,50,"Паспорт качества на удлинитель УД-КР-О 70 1,2, L120, окр.",№ М-3476 от 07.08.2024 г.,"ООО ""Альтернатива""",НАЙДЕНО В DRIVE / НЕ ВЫГРУЖЕНО В PDF,Паспорт качества от 07.08.2024 Удлинитель.pdf,Фасады,https://drive.google.com/file/d/1LQLrq82BMGCUsHg66Uv-8B_Uek4LDuBM/view?usp=drivesdk,,НАЙДЕНО И ПОДШИТО,False,,9,9,004__Паспорт качества от 07.08.2024 Удлинитель.pdf,"[{""path"": ""/home/runner/work/Graf/Graf/.work_sh550/downloads/1LQLrq82BMGCUsHg66Uv-8B_Uek4LDuBM_Паспорт качества от 07.08.2024 Удлинитель.pdf"", ""label"": ""Паспорт качества от 07.08.2024 Удлинитель.pdf"", ""pages"": [], ""drive_id"": ""1LQLrq82BMGCUsHg66Uv-8B_Uek4LDuBM"", ""sha256"": ""27fda57651d95c85097aa6a877170da8522ff34858c85aa21b8069fd903e11dd"", ""page_count"": 1}]",
направляющие,5,51,"Паспорт качества на профиль ТО-65/30 1,2, L=3000 мм, окр",№ М-3 от 09.01.2025 г.,"ООО ""Альтернатива""",НАЙДЕНО В DRIVE / НЕ ВЫГРУЖЕНО В PDF,Паспорт качества. Профиль ТО ОЦ 08пс.pdf,Фасады,https://drive.google.com/file/d/1VnMouMYyG3aD4vPivml7qb_E3CDPfKpf/view?usp=drivesdk,,НАЙДЕНО И ПОДШИТО,False,,10,10,005__Паспорт качества. Профиль ТО ОЦ 08пс.pdf,"[{""path"": ""/home/runner/work/Graf/Graf/.work_sh550/downloads/1VnMouMYyG3aD4vPivml7qb_E3CDPfKpf_Паспорт качества. Профиль ТО ОЦ 08пс.pdf"", ""label"": ""Паспорт качества. Профиль ТО ОЦ 08пс.pdf"", ""pages"": [], ""drive_id"": ""1VnMouMYyG3aD4vPivml7qb_E3CDPfKpf"", ""sha256"": ""0193da8ef29f618c180b684d20720eede81576b88ffc2af67fa21b5b8b5d4d71"", ""page_count"": 1}]",
направляющие,6,52,Сертификат соответствия на профили,№ РОСС RU.НЕ06.Н08904 с 30.06.2023 г. по 29.06.2026 г.,"ООО ""Альтернатива""",НАЙДЕНО В DRIVE / НЕ ВЫГРУЖЕНО В PDF,Сертификат соответствия №РОСС RU.НЕ06.НО8904 на изделия металлические холодноштампованные из тонколистового проката Маркировка Альт-Фасад.pdf,Фасады,https://drive.google.com/file/d/1DKVrcA9iuGRYFt9b1QcuCIZmYUTXeAYC/view?usp=drivesdk,,НАЙДЕНО И ПОДШИТО,False,,11,12,006__Сертификат соответствия №РОСС RU.НЕ06.НО8904 на изделия металлические холодноштампованные из тонколистово.pdf,"[{""path"": ""/home/runner/work/Graf/Graf/.work_sh550/downloads/1DKVrcA9iuGRYFt9b1QcuCIZmYUTXeAYC_Сертификат соответствия №РОСС RU.НЕ06.pdf"", ""label"": ""Сертификат соответствия №РОСС RU.НЕ06.НО8904 на изделия металлические холодноштампованные из тонколистового проката Маркировка Альт-Фасад.pdf"", ""pages"": [], ""drive_id"": ""1DKVrcA9iuGRYFt9b1QcuCIZmYUTXeAYC"", ""sha256"": ""29dd65b2f3ac575df7f9aae2b6d6187177472e73eb0118aec8870e716a63287a"", ""page_count"": 2}]",
направляющие,7,53,"Сертификат соответствия на проrладку ""Терморазрыв""",№ РОСС RU.З2623ОС03.00651 с 17.10.2022 г. по 16.10.2025 г.,"ООО ""Альтернатива""",НАЙДЕНО В DRIVE / НЕ ВЫГРУЖЕНО В PDF,Сертификат соответствия № РОСС RU.32623.ОС03.00651 Прокладка Терморазрыв.pdf,Фасады,https://drive.google.com/file/d/1GF8S1npFBOEyLu4QzFZvfpvZYKlkSxdd/view?usp=drivesdk,,НАЙДЕНО И ПОДШИТО,False,,13,13,007__Сертификат соответствия № РОСС RU.32623.ОС03.00651 Прокладка Терморазрыв.pdf,"[{""path"": ""/home/runner/work/Graf/Graf/.work_sh550/downloads/1GF8S1npFBOEyLu4QzFZvfpvZYKlkSxdd_Сертификат соответствия № РОСС RU.32623.ОС03.00651 Прокладка Терморазрыв.pdf"", ""label"": ""Сертификат соответствия № РОСС RU.32623.ОС03.00651 Прокладка Терморазрыв.pdf"", ""pages"": [], ""drive_id"": ""1GF8S1npFBOEyLu4QzFZvfpvZYKlkSxdd"", ""sha256"": ""a037c4286758e5c065a8ac212532f701899cce1fa38152132362e6874664a596"", ""page_count"": 1}]",
направляющие,8,54,"Сертификат соответствия на кронштейны, удлинители, кляммеры, фиксирующие накладки",№ РОСС RU.НЕ06.Н08901 с 30.06.2023 г. по 29.06.2026 г.,"ООО ""Альтернатива""",НАЙДЕНО В DRIVE / НЕ ВЫГРУЖЕНО В PDF,Серт. соотв. РОСС RU.НЕ06.НО8901 на кронштейны Альтернатива.pdf,Фасады,https://drive.google.com/file/d/1X1K7h2lcr8MEtoKFADuw_c_JQny4wH9U/view?usp=drivesdk,,НАЙДЕНО И ПОДШИТО,False,,14,16,008__Серт. соотв. РОСС RU.НЕ06.НО8901 на кронштейны Альтернатива.pdf,"[{""path"": ""/home/runner/work/Graf/Graf/.work_sh550/downloads/1X1K7h2lcr8MEtoKFADuw_c_JQny4wH9U_Серт. соотв. РОСС RU.НЕ06.НО8901 на кронштейны Альтернатива.pdf"", ""label"": ""Серт. соотв. РОСС RU.НЕ06.НО8901 на кронштейны Альтернатива.pdf"", ""pages"": [], ""drive_id"": ""1X1K7h2lcr8MEtoKFADuw_c_JQny4wH9U"", ""sha256"": ""5e6e07c674ef4c0e8f43d385eda8b3c8d75e6b609ea40d4310cae0d7339dab4d"", ""page_count"": 3}]",
направляющие,9,55,Сертификат соответствия на заклепки,№ РОСС RU.З2001. 04ИБФ1.ОСП18.20237 с 02.06.2022 г. по 01.06.2025 г.,"ООО ""Альтернатива""",НАЙДЕНО В DRIVE / НЕ ВЫГРУЖЕНО В PDF,Сертификат соответствия №РОСС RU.32001.04ИБФ1.ОСП18.20237 на заклёпки вытяжные торговой марки ALT.pdf,Фасады,https://drive.google.com/file/d/1FKxV69WkI4xna37M6oSh83_ovUh151DA/view?usp=drivesdk,,НАЙДЕНО И ПОДШИТО,False,,17,18,009__Сертификат соответствия №РОСС RU.32001.04ИБФ1.ОСП18.20237 на заклёпки вытяжные торговой марки ALT.pdf,"[{""path"": ""/home/runner/work/Graf/Graf/.work_sh550/downloads/1FKxV69WkI4xna37M6oSh83_ovUh151DA_Сертификат соответствия №РОСС RU.32001.04ИБФ1.ОСП18.pdf"", ""label"": ""Сертификат соответствия №РОСС RU.32001.04ИБФ1.ОСП18.20237 на заклёпки вытяжные торговой марки ALT.pdf"", ""pages"": [], ""drive_id"": ""1FKxV69WkI4xna37M6oSh83_ovUh151DA"", ""sha256"": ""9f471600f4213b89f9f8a2e3bd89e9083d26754995708d80ce8ee5434f3161d3"", ""page_count"": 2}]",
направляющие,10,56,Исполнительная схема монтажа подсистемы на фасаде в/о 1/Т-Е,,"ООО ""ОСВ-Строй""",НАЙДЕНО В DRIVE / НЕ ВЫГРУЖЕНО В PDF,ИС направляющих НВФ в_о 1_Е-Т.pdf,Анохин / Фасад в осях 1_Е-Т,https://drive.google.com/file/d/1SpBbYW9YrvqlDyBowvQayND_JIBuaC7f/view?usp=drivesdk,,НАЙДЕНО И ПОДШИТО,False,,19,19,010__ИС направляющих НВФ в_о 1_Е-Т.pdf,"[{""path"": ""/home/runner/work/Graf/Graf/.work_sh550/downloads/1SpBbYW9YrvqlDyBowvQayND_JIBuaC7f_ИС направляющих НВФ в_о 1_Е-Т.pdf"", ""label"": ""ИС направляющих НВФ в_о 1_Е-Т.pdf"", ""pages"": [], ""drive_id"": ""1SpBbYW9YrvqlDyBowvQayND_JIBuaC7f"", ""sha256"": ""aa18c9294073a541c9aab1410a02246724f40d1617ac97798892eadb7ef5131c"", ""page_count"": 1}]",
направляющие,11,57,Исполнительная схема монтажа подсистемы на фасаде в/о 1/Т-Е. Узлы,,"ООО ""ОСВ-Строй""",НАЙДЕНО В DRIVE / НЕ ВЫГРУЖЕНО В PDF,ИС направляющих НВФ в_о 1_Е-Т. Узлы.pdf,Анохин / Фасад в осях 1_Е-Т,https://drive.google.com/file/d/1S5T9aPPt7iWu5AmTSXXXZcSjbHTH_tqG/view?usp=drivesdk,,НАЙДЕНО И ПОДШИТО,False,,20,20,011__ИС направляющих НВФ в_о 1_Е-Т. Узлы.pdf,"[{""path"": ""/home/runner/work/Graf/Graf/.work_sh550/downloads/1S5T9aPPt7iWu5AmTSXXXZcSjbHTH_tqG_ИС направляющих НВФ в_о 1_Е-Т. Узлы.pdf"", ""label"": ""ИС направляющих НВФ в_о 1_Е-Т. Узлы.pdf"", ""pages"": [], ""drive_id"": ""1S5T9aPPt7iWu5AmTSXXXZcSjbHTH_tqG"", ""sha256"": ""588802175b5cd584f74d023bab7cefb53a18daf95c391623274b154bd59cbbb5"", ""page_count"": 1}]",
направляющие,12,58,Исполнительная схема монтажа подсистемы на фасаде в/о 1-7/Е-Ж,,"ООО ""ОСВ-Строй""",НАЙДЕНО В DRIVE / НЕ ВЫГРУЖЕНО В PDF,ИС направляющих фасада в_о 1-7_Е-Ж.pdf,Анохин / Фасад в осях 1-7_Е-Ж,https://drive.google.com/file/d/1V9JxymlUIhojSagAQAxIyI4j6cG8i3qC/view?usp=drivesdk,,НАЙДЕНО И ПОДШИТО,False,,21,21,012__ИС направляющих фасада в_о 1-7_Е-Ж.pdf,"[{""path"": ""/home/runner/work/Graf/Graf/.work_sh550/downloads/1V9JxymlUIhojSagAQAxIyI4j6cG8i3qC_ИС направляющих фасада в_о 1-7_Е-Ж.pdf"", ""label"": ""ИС направляющих фасада в_о 1-7_Е-Ж.pdf"", ""pages"": [], ""drive_id"": ""1V9JxymlUIhojSagAQAxIyI4j6cG8i3qC"", ""sha256"": ""470bcaedc2f6512ca90ddd08f94ccdefc9a2a1482e9c1336bcd1f27a8d4b8d9b"", ""page_count"": 1}]",
направляющие,13,59,Исполнительная схема монтажа подсистемы на фасаде в/о 1-7/Е-Ж. Узлы,,"ООО ""ОСВ-Строй""",НАЙДЕНО В DRIVE / НЕ ВЫГРУЖЕНО В PDF,ИС направляющих фасада в_о 1-7_Е-Ж. Узлы.pdf,Анохин / Фасад в осях 1-7_Е-Ж,https://drive.google.com/file/d/1YopVvrf1XewvVP_hEi_jElHsD09Inz5o/view?usp=drivesdk,,НАЙДЕНО И ПОДШИТО,False,,22,22,013__ИС направляющих фасада в_о 1-7_Е-Ж. Узлы.pdf,"[{""path"": ""/home/runner/work/Graf/Graf/.work_sh550/downloads/1YopVvrf1XewvVP_hEi_jElHsD09Inz5o_ИС направляющих фасада в_о 1-7_Е-Ж. Узлы.pdf"", ""label"": ""ИС направляющих фасада в_о 1-7_Е-Ж. Узлы.pdf"", ""pages"": [], ""drive_id"": ""1YopVvrf1XewvVP_hEi_jElHsD09Inz5o"", ""sha256"": ""8788c3a455bf4976aab4e0c1d4a88860d7cc826155a42f9b6be67d616b3f4e78"", ""page_count"": 1}]",
направляющие,14,60,Исполнительная схема монтажа подсистемы на фасаде в/о 17-1/Т (лист 19),,"ООО ""ОСВ-Строй""",НАЙДЕНО В DRIVE / НЕ ВЫГРУЖЕНО В PDF,ИС направляющие на фасаде в_о 17-1_Т лист 1.pdf,Анохин / Фасад в осях 17-1_Т,https://drive.google.com/file/d/1kcFiLRbH86Tw-lvOmiXA4B48t4K5jlAx/view?usp=drivesdk,,НАЙДЕНО И ПОДШИТО,False,,23,23,014__ИС направляющие на фасаде в_о 17-1_Т лист 1.pdf,"[{""path"": ""/home/runner/work/Graf/Graf/.work_sh550/downloads/1kcFiLRbH86Tw-lvOmiXA4B48t4K5jlAx_ИС направляющие на фасаде в_о 17-1_Т лист 1.pdf"", ""label"": ""ИС направляющие на фасаде в_о 17-1_Т лист 1.pdf"", ""pages"": [], ""drive_id"": ""1kcFiLRbH86Tw-lvOmiXA4B48t4K5jlAx"", ""sha256"": ""b49d38b743e628b87dc7d34b22715f3467a60b70a96a98cc8f21390268157db7"", ""page_count"": 1}]",
направляющие,15,61,Исполнительная схема монтажа подсистемы на фасаде в/о 17-1/Т (лист 20),,"ООО ""ОСВ-Строй""",НАЙДЕНО В DRIVE / НЕ ВЫГРУЖЕНО В PDF,ИС направляющие на фасаде в_о 17-1_Т лист 2.pdf,Анохин / Фасад в осях 17-1_Т,https://drive.google.com/file/d/12a8oBjg5IxpyANHXp_mGrR8_LWSR4tND/view?usp=drivesdk,,НАЙДЕНО И ПОДШИТО,False,,24,24,015__ИС направляющие на фасаде в_о 17-1_Т лист 2.pdf,"[{""path"": ""/home/runner/work/Graf/Graf/.work_sh550/downloads/12a8oBjg5IxpyANHXp_mGrR8_LWSR4tND_ИС направляющие на фасаде в_о 17-1_Т лист 2.pdf"", ""label"": ""ИС направляющие на фасаде в_о 17-1_Т лист 2.pdf"", ""pages"": [], ""drive_id"": ""12a8oBjg5IxpyANHXp_mGrR8_LWSR4tND"", ""sha256"": ""cd5b2b55eabd52139a4306da400fddf84408768356dfda0c181a33fb56a06c23"", ""page_count"": 1}]",
направляющие,16,62,Исполнительная схема монтажа подсистемы на фасаде в/о 17-1/Т (лист 21),,"ООО ""ОСВ-Строй""",НАЙДЕНО В DRIVE / НЕ ВЫГРУЖЕНО В PDF,ИС направляющие на фасаде в_о 17-1_Т лист 3.pdf,Анохин / Фасад в осях 17-1_Т,https://drive.google.com/file/d/1bvavViFk2wgjvtf6R2SSUc7t25Kpdc7E/view?usp=drivesdk,,НАЙДЕНО И ПОДШИТО,False,,25,25,016__ИС направляющие на фасаде в_о 17-1_Т лист 3.pdf,"[{""path"": ""/home/runner/work/Graf/Graf/.work_sh550/downloads/1bvavViFk2wgjvtf6R2SSUc7t25Kpdc7E_ИС направляющие на фасаде в_о 17-1_Т лист 3.pdf"", ""label"": ""ИС направляющие на фасаде в_о 17-1_Т лист 3.pdf"", ""pages"": [], ""drive_id"": ""1bvavViFk2wgjvtf6R2SSUc7t25Kpdc7E"", ""sha256"": ""746b06f34e2479ca27f9347871904de693785298719e84d1d2c906c3455291f0"", ""page_count"": 1}]",
направляющие,17,63,Исполнительная схема монтажа подсистемы на фасаде в/о 17-1/Т (лист 22),,"ООО ""ОСВ-Строй""",НАЙДЕНО В DRIVE / НЕ ВЫГРУЖЕНО В PDF,ИС направляющие на фасаде в_о 17-1_Т лист 4.pdf,Анохин / Фасад в осях 17-1_Т,https://drive.google.com/file/d/1ojagNBAixPRI0RIIfMbzlqzDVmJP6PRu/view?usp=drivesdk,,НАЙДЕНО И ПОДШИТО,False,,26,26,017__ИС направляющие на фасаде в_о 17-1_Т лист 4.pdf,"[{""path"": ""/home/runner/work/Graf/Graf/.work_sh550/downloads/1ojagNBAixPRI0RIIfMbzlqzDVmJP6PRu_ИС направляющие на фасаде в_о 17-1_Т лист 4.pdf"", ""label"": ""ИС направляющие на фасаде в_о 17-1_Т лист 4.pdf"", ""pages"": [], ""drive_id"": ""1ojagNBAixPRI0RIIfMbzlqzDVmJP6PRu"", ""sha256"": ""bb0b14d3dc861521a1a5cb2b7cdf77191fddc430aa1e0faaaeef2273ce4672e8"", ""page_count"": 1}]",
направляющие,18,64,Исполнительная схема монтажа подсистемы на фасаде в/о 17-1/Т (лист 23),,"ООО ""ОСВ-Строй""",НАЙДЕНО В DRIVE / НЕ ВЫГРУЖЕНО В PDF,ИС направляющие на фасаде в_о 17-1_Т лист 5.pdf,Анохин / Фасад в осях 17-1_Т,https://drive.google.com/file/d/1e0jv63EE83GnVZo3BPSRgVKApYqwgiC6/view?usp=drivesdk,,НАЙДЕНО И ПОДШИТО,False,,27,27,018__ИС направляющие на фасаде в_о 17-1_Т лист 5.pdf,"[{""path"": ""/home/runner/work/Graf/Graf/.work_sh550/downloads/1e0jv63EE83GnVZo3BPSRgVKApYqwgiC6_ИС направляющие на фасаде в_о 17-1_Т лист 5.pdf"", ""label"": ""ИС направляющие на фасаде в_о 17-1_Т лист 5.pdf"", ""pages"": [], ""drive_id"": ""1e0jv63EE83GnVZo3BPSRgVKApYqwgiC6"", ""sha256"": ""a409ebfb51fb8d1c5e4ff47f6b2571b7979eae10eba7cb80ef16527ea37be198"", ""page_count"": 1}]",
направляющие,19,65,Исполнительная схема монтажа подсистемы на фасаде в/о 17-1/Т (лист 24),,"ООО ""ОСВ-Строй""",НАЙДЕНО В DRIVE / НЕ ВЫГРУЖЕНО В PDF,ИС направляющие на фасаде в_о 17-1_Т лист 6.pdf,Анохин / Фасад в осях 17-1_Т,https://drive.google.com/file/d/1V1H9mAIyXdOufjwayWLeKymBLFiZ51YE/view?usp=drivesdk,,НАЙДЕНО И ПОДШИТО,False,,28,28,019__ИС направляющие на фасаде в_о 17-1_Т лист 6.pdf,"[{""path"": ""/home/runner/work/Graf/Graf/.work_sh550/downloads/1V1H9mAIyXdOufjwayWLeKymBLFiZ51YE_ИС направляющие на фасаде в_о 17-1_Т лист 6.pdf"", ""label"": ""ИС направляющие на фасаде в_о 17-1_Т лист 6.pdf"", ""pages"": [], ""drive_id"": ""1V1H9mAIyXdOufjwayWLeKymBLFiZ51YE"", ""sha256"": ""d6efe92a6e6276b4aaaee00a5060ccc487ff724905565404306b6d0eac3b3381"", ""page_count"": 1}]",
направляющие,20,66,Исполнительная схема монтажа подсистемы на фасаде в/о 17-1/Т (лист 25). Узлы,,"ООО ""ОСВ-Строй""",НАЙДЕНО В DRIVE / ПРОВЕРИТЬ,ИС направляющие на фасаде в_о 17-1_Т лист 7.pdf,Анохин / Фасад в осях 17-1_Т,https://drive.google.com/file/d/12RKSRYq-ISHxEsAiAeE4_DLqbOGZT0XG/view?usp=drivesdk,"В реестре строка отмечена как 'Узлы'; в архиве найден лист 25 по направляющим, отдельного файла узлов по этой строке не выявлено.","НАЙДЕНО, НАЛИЧИЕ УЗЛОВ ПОДТВЕРЖДЕНО",False,OCR выявил обозначение узлов на листе,29,29,020__ИС направляющие на фасаде в_о 17-1_Т лист 7.pdf,"[{""path"": ""/home/runner/work/Graf/Graf/.work_sh550/downloads/12RKSRYq-ISHxEsAiAeE4_DLqbOGZT0XG_ИС направляющие на фасаде в_о 17-1_Т лист 7.pdf"", ""label"": ""ИС направляющие на фасаде в_о 17-1_Т лист 7.pdf"", ""pages"": [], ""drive_id"": ""12RKSRYq-ISHxEsAiAeE4_DLqbOGZT0XG"", ""sha256"": ""3b8d2bc767277eb904e13458dc7a00b2bae94d891c9a7882e9578dbfcb670f74"", ""page_count"": 1}]",
направляющие,21,67,Исполнительная схема монтажа подсистемы на фасаде в/о 17-1/Т (лист 26). Узлы,,"ООО ""ОСВ-Строй""",НАЙДЕНО В DRIVE / ПРОВЕРИТЬ,ИС направляющие на фасаде в_о 17-1_Т лист 8.pdf,Анохин / Фасад в осях 17-1_Т,https://drive.google.com/file/d/12s6DpAHZLizDbq4aEwvBb2LwAGkubuOE/view?usp=drivesdk,"В реестре строка отмечена как 'Узлы'; в архиве найден лист 26 по направляющим, отдельного файла узлов по этой строке не выявлено.","НАЙДЕНО, НАЛИЧИЕ УЗЛОВ ПОДТВЕРЖДЕНО",False,OCR выявил обозначение узлов на листе,30,30,021__ИС направляющие на фасаде в_о 17-1_Т лист 8.pdf,"[{""path"": ""/home/runner/work/Graf/Graf/.work_sh550/downloads/12s6DpAHZLizDbq4aEwvBb2LwAGkubuOE_ИС направляющие на фасаде в_о 17-1_Т лист 8.pdf"", ""label"": ""ИС направляющие на фасаде в_о 17-1_Т лист 8.pdf"", ""pages"": [], ""drive_id"": ""12s6DpAHZLizDbq4aEwvBb2LwAGkubuOE"", ""sha256"": ""b60f154a627a621f18d9d365b16b2a2ddcce834fb480b52e15758f0426a1a5c3"", ""page_count"": 1}]",
направляющие,22,68,Исполнительная схема монтажа подсистемы на фасаде в/о 2/Ж-Г,,"ООО ""ОСВ-Строй""",НАЙДЕНО В DRIVE / НЕ ВЫГРУЖЕНО В PDF,ИС направляющих на фасаде в_о 2_Ж-Г.pdf,Анохин / Фасад в осях 2_Ж-Г,https://drive.google.com/file/d/152gM7W5BlmQKO3Rhnfi8OWXk7kGSvz2i/view?usp=drivesdk,,НАЙДЕНО И ПОДШИТО,False,,31,31,022__ИС направляющих на фасаде в_о 2_Ж-Г.pdf,"[{""path"": ""/home/runner/work/Graf/Graf/.work_sh550/downloads/152gM7W5BlmQKO3Rhnfi8OWXk7kGSvz2i_ИС направляющих на фасаде в_о 2_Ж-Г.pdf"", ""label"": ""ИС направляющих на фасаде в_о 2_Ж-Г.pdf"", ""pages"": [], ""drive_id"": ""152gM7W5BlmQKO3Rhnfi8OWXk7kGSvz2i"", ""sha256"": ""1be5c53932c64579b307d2dc623abcec4d9794a4e2dfb13a4002c1d51a85ff47"", ""page_count"": 1}]",
направляющие,23,69,Исполнительная схема монтажа подсистемы на фасаде в/о 2/Ж-Г. Узлы,,"ООО ""ОСВ-Строй""",НАЙДЕНО В DRIVE / НЕ ВЫГРУЖЕНО В PDF,ИС направляющих на фасаде в_о 2_Ж-Г. Узлы.pdf,Анохин / Фасад в осях 2_Ж-Г,https://drive.google.com/file/d/1TqtjsOM4AFQf823vqHpqmNSdXC4FoSGL/view?usp=drivesdk,,НАЙДЕНО И ПОДШИТО,False,,32,32,023__ИС направляющих на фасаде в_о 2_Ж-Г. Узлы.pdf,"[{""path"": ""/home/runner/work/Graf/Graf/.work_sh550/downloads/1TqtjsOM4AFQf823vqHpqmNSdXC4FoSGL_ИС направляющих на фасаде в_о 2_Ж-Г. Узлы.pdf"", ""label"": ""ИС направляющих на фасаде в_о 2_Ж-Г. Узлы.pdf"", ""pages"": [], ""drive_id"": ""1TqtjsOM4AFQf823vqHpqmNSdXC4FoSGL"", ""sha256"": ""09bfae7a486fde289944202115c72dc4b3e6a3d6087eb1d9439bda48944052b5"", ""page_count"": 1}]",
направляющие,24,70,Исполнительная схема монтажа подсистемы на фасаде в/о 2-7/В-Г,,"ООО ""ОСВ-Строй""",НАЙДЕНО В DRIVE / НЕ ВЫГРУЖЕНО В PDF,ИС направляющих на фасаде в_о 2-7_В-Г.pdf,Анохин / Фасад в осях 2-7_В-Г,https://drive.google.com/file/d/1fKS5k0U_HAX9dohnDfpl4hVmrP2zfG9J/view?usp=drivesdk,,НАЙДЕНО И ПОДШИТО,False,,33,33,024__ИС направляющих на фасаде в_о 2-7_В-Г.pdf,"[{""path"": ""/home/runner/work/Graf/Graf/.work_sh550/downloads/1fKS5k0U_HAX9dohnDfpl4hVmrP2zfG9J_ИС направляющих на фасаде в_о 2-7_В-Г.pdf"", ""label"": ""ИС направляющих на фасаде в_о 2-7_В-Г.pdf"", ""pages"": [], ""drive_id"": ""1fKS5k0U_HAX9dohnDfpl4hVmrP2zfG9J"", ""sha256"": ""5aad7f704ece90eac27304bbc1178e69befff5ddc8221b39f2d3ae631d46ef29"", ""page_count"": 1}]",
направляющие,25,71,Исполнительная схема монтажа подсистемы на фасаде в/о 2-7/В-Г. Узлы,,"ООО ""ОСВ-Строй""",НАЙДЕНО В DRIVE / НЕ ВЫГРУЖЕНО В PDF,ИС направляющих на фасаде в_о 2-7_В-Г. Узлы.pdf,Анохин / Фасад в осях 2-7_В-Г,https://drive.google.com/file/d/1GasgHK0b9ccJ2z58C6Eowt2eybCd7F4W/view?usp=drivesdk,,НАЙДЕНО И ПОДШИТО,False,,34,34,025__ИС направляющих на фасаде в_о 2-7_В-Г. Узлы.pdf,"[{""path"": ""/home/runner/work/Graf/Graf/.work_sh550/downloads/1GasgHK0b9ccJ2z58C6Eowt2eybCd7F4W_ИС направляющих на фасаде в_о 2-7_В-Г. Узлы.pdf"", ""label"": ""ИС направляющих на фасаде в_о 2-7_В-Г. Узлы.pdf"", ""pages"": [], ""drive_id"": ""1GasgHK0b9ccJ2z58C6Eowt2eybCd7F4W"", ""sha256"": ""17b89942e4c56915376ab21b217fa05e550ee2be8f55cfa1371c55dc8d09e244"", ""page_count"": 1}]",
направляющие,26,72,Исполнительная схема монтажа подсистемы на фасаде в/о 2/Т-И и 3-6/И,,"ООО ""ОСВ-Строй""",НАЙДЕНО В DRIVE / ПРОВЕРИТЬ,ИС направляющих на фасаде в_о 3_Т-И.pdf,Анохин / Фасад в осях 3_Т-И,https://drive.google.com/file/d/1RgAvgQxBhe_iBHHc0cDL0Df6XE83gM3L/view?usp=drivesdk,Частичное совпадение: в реестре оси 2/Т-И и 3-6/И; в архиве найден комплект по фасаду 3_Т-И.,ЧАСТИЧНОЕ СООТВЕТСТВИЕ — ЗАГЛУШКА + КАНДИДАТ,True,Частичное совпадение: в реестре оси 2/Т-И и 3-6/И; в архиве найден комплект по фасаду 3_Т-И.,35,36,026_00_PLACEHOLDER.pdf | 026__ИС направляющих на фасаде в_о 3_Т-И.pdf,"[{""path"": ""/home/runner/work/Graf/Graf/.work_sh550/downloads/1RgAvgQxBhe_iBHHc0cDL0Df6XE83gM3L_ИС направляющих на фасаде в_о 3_Т-И.pdf"", ""label"": ""ИС направляющих на фасаде в_о 3_Т-И.pdf"", ""pages"": [], ""drive_id"": ""1RgAvgQxBhe_iBHHc0cDL0Df6XE83gM3L"", ""sha256"": ""33b42b48d699f63650595131623c829c2888b340daf6d7d9bd3867e53bd3a47a"", ""page_count"": 1}]",
направляющие,27,73,Исполнительная схема монтажа подсистемы на фасаде в/о 2/Т-И и 3-6/И. Узлы,,"ООО ""ОСВ-Строй""",НАЙДЕНО В DRIVE / ПРОВЕРИТЬ,ИС направляющих на фасаде в_о 3_Т-И. Узлы.pdf,Анохин / Фасад в осях 3_Т-И,https://drive.google.com/file/d/1N0-xZqoMqv4yPRpVHKtwxVMBZbqfgWAE/view?usp=drivesdk,Частичное совпадение: в реестре оси 2/Т-И и 3-6/И; в архиве найден комплект по фасаду 3_Т-И.,"НАЙДЕНО, НАЛИЧИЕ УЗЛОВ ПОДТВЕРЖДЕНО",False,OCR выявил обозначение узлов на листе,37,37,027__ИС направляющих на фасаде в_о 3_Т-И. Узлы.pdf,"[{""path"": ""/home/runner/work/Graf/Graf/.work_sh550/downloads/1N0-xZqoMqv4yPRpVHKtwxVMBZbqfgWAE_ИС направляющих на фасаде в_о 3_Т-И. Узлы.pdf"", ""label"": ""ИС направляющих на фасаде в_о 3_Т-И. Узлы.pdf"", ""pages"": [], ""drive_id"": ""1N0-xZqoMqv4yPRpVHKtwxVMBZbqfgWAE"", ""sha256"": ""a7c7e8bdd856e6e64c74041febc5f891e9044c2c4d5f264ce6d006ba87b3720a"", ""page_count"": 1}]",
направляющие,28,74,Исполнительная схема монтажа подсистемы на фасаде в/о 5-6/И-Е и 5-7/И,,"ООО ""ОСВ-Строй""",НАЙДЕНО В DRIVE / ПРОВЕРИТЬ,ИС направляющих на фасаде в_о 5-7_Е-И.pdf,Анохин / Фасад в осях 5-7_Е-И,https://drive.google.com/file/d/1OFQG5C9Jx-jmRuOXzwsXBTBk40cQSQWr/view?usp=drivesdk,Частичное совпадение: в реестре оси 5-6/И-Е и 5-7/И; в архиве найден комплект по фасаду 5-7_Е-И.,ЧАСТИЧНОЕ СООТВЕТСТВИЕ — ЗАГЛУШКА + КАНДИДАТ,True,Частичное совпадение: в реестре оси 5-6/И-Е и 5-7/И; в архиве найден комплект по фасаду 5-7_Е-И.,38,39,028_00_PLACEHOLDER.pdf | 028__ИС направляющих на фасаде в_о 5-7_Е-И.pdf,"[{""path"": ""/home/runner/work/Graf/Graf/.work_sh550/downloads/1OFQG5C9Jx-jmRuOXzwsXBTBk40cQSQWr_ИС направляющих на фасаде в_о 5-7_Е-И.pdf"", ""label"": ""ИС направляющих на фасаде в_о 5-7_Е-И.pdf"", ""pages"": [], ""drive_id"": ""1OFQG5C9Jx-jmRuOXzwsXBTBk40cQSQWr"", ""sha256"": ""b9eca4aad4f1e6acea94aa32f3b5a5d26ce3315cd9230f324e1f6f95602d2530"", ""page_count"": 1}]",
направляющие,29,75,Исполнительная схема монтажа подсистемы на фасаде в/о 5-6/И-Е и 5-7/И. Узлы,,"ООО ""ОСВ-Строй""",НАЙДЕНО В DRIVE / ПРОВЕРИТЬ,ИС направляющих на фасаде в_о 5-7_Е-И. Узлы.pdf,Анохин / Фасад в осях 5-7_Е-И,https://drive.google.com/file/d/1CxWVUUZ1lzyqkDOF4CGYWQ4H-Saf01Gz/view?usp=drivesdk,Частичное совпадение: в реестре оси 5-6/И-Е и 5-7/И; в архиве найден комплект по фасаду 5-7_Е-И.,"НАЙДЕНО, НАЛИЧИЕ УЗЛОВ ПОДТВЕРЖДЕНО",False,OCR выявил обозначение узлов на листе,40,40,029__ИС направляющих на фасаде в_о 5-7_Е-И. Узлы.pdf,"[{""path"": ""/home/runner/work/Graf/Graf/.work_sh550/downloads/1CxWVUUZ1lzyqkDOF4CGYWQ4H-Saf01Gz_ИС направляющих на фасаде в_о 5-7_Е-И. Узлы.pdf"", ""label"": ""ИС направляющих на фасаде в_о 5-7_Е-И. Узлы.pdf"", ""pages"": [], ""drive_id"": ""1CxWVUUZ1lzyqkDOF4CGYWQ4H-Saf01Gz"", ""sha256"": ""5bd9805594e0704d89eac02e520e9ee25a9d01aeca7e4c35ae44a0ba10e8d09e"", ""page_count"": 1}]",
направляющие,30,76,Исполнительная схема монтажа подсистемы на фасаде в/о 7/В-И ,,"ООО ""ОСВ-Строй""",НАЙДЕНО В DRIVE / НЕ ВЫГРУЖЕНО В PDF,ИС направляющих на фасаде в_о 7_В-И.pdf,Анохин / Фасад в осях 7_В-И,https://drive.google.com/file/d/1oDSk7AQ4B_c044Vsi0npOekL2pF6fw-8/view?usp=drivesdk,,НАЙДЕНО И ПОДШИТО,False,,41,41,030__ИС направляющих на фасаде в_о 7_В-И.pdf,"[{""path"": ""/home/runner/work/Graf/Graf/.work_sh550/downloads/1oDSk7AQ4B_c044Vsi0npOekL2pF6fw-8_ИС направляющих на фасаде в_о 7_В-И.pdf"", ""label"": ""ИС направляющих на фасаде в_о 7_В-И.pdf"", ""pages"": [], ""drive_id"": ""1oDSk7AQ4B_c044Vsi0npOekL2pF6fw-8"", ""sha256"": ""97b7bfed5e978eb952d2dc4d1ee85defc57676990ea239471991cc4d6b39dc08"", ""page_count"": 1}]",
направляющие,31,77,Исполнительная схема монтажа подсистемы на фасаде в/о 7/В-И. Узлы,,"ООО ""ОСВ-Строй""",НАЙДЕНО В DRIVE / НЕ ВЫГРУЖЕНО В PDF,ИС направляющих на фасаде в_о 7_В-И. Узлы.pdf,Анохин / Фасад в осях 7_В-И,https://drive.google.com/file/d/1cw-065uqUlnW_5HDZmDiRwP2CQmjSZTx/view?usp=drivesdk,,НАЙДЕНО И ПОДШИТО,False,,42,42,031__ИС направляющих на фасаде в_о 7_В-И. Узлы.pdf,"[{""path"": ""/home/runner/work/Graf/Graf/.work_sh550/downloads/1cw-065uqUlnW_5HDZmDiRwP2CQmjSZTx_ИС направляющих на фасаде в_о 7_В-И. Узлы.pdf"", ""label"": ""ИС направляющих на фасаде в_о 7_В-И. Узлы.pdf"", ""pages"": [], ""drive_id"": ""1cw-065uqUlnW_5HDZmDiRwP2CQmjSZTx"", ""sha256"": ""ed84adc7f0b8894e1104e112a2181c7ab6a97f7ea4142c9fe9ef9ef0eeff0dc8"", ""page_count"": 1}]",
направляющие,32,78,Исполнительная схема монтажа подсистемы на фасаде в/о 7-13/И ,,"ООО ""ОСВ-Строй""",НАЙДЕНО В DRIVE / НЕ ВЫГРУЖЕНО В PDF,ИС направляющих на фасаде в_о 7-13_И.pdf,Анохин / Фасад в осях 7-13_И,https://drive.google.com/file/d/1jrLLdFLic4s9EIE0QODy_i-dFWIeQJBw/view?usp=drivesdk,,НАЙДЕНО И ПОДШИТО,False,,43,43,032__ИС направляющих на фасаде в_о 7-13_И.pdf,"[{""path"": ""/home/runner/work/Graf/Graf/.work_sh550/downloads/1jrLLdFLic4s9EIE0QODy_i-dFWIeQJBw_ИС направляющих на фасаде в_о 7-13_И.pdf"", ""label"": ""ИС направляющих на фасаде в_о 7-13_И.pdf"", ""pages"": [], ""drive_id"": ""1jrLLdFLic4s9EIE0QODy_i-dFWIeQJBw"", ""sha256"": ""96ca03776ad4bfb50a9c878854ead854260cfbefebedb9020c4181a330f90271"", ""page_count"": 1}]",
направляющие,33,79,Исполнительная схема монтажа подсистемы на фасаде в/о 7-13/И. Узлы,,"ООО ""ОСВ-Строй""",НАЙДЕНО В DRIVE / НЕ ВЫГРУЖЕНО В PDF,ИС направляющих на фасаде в_о 7-13_И. Узлы.pdf,Анохин / Фасад в осях 7-13_И,https://drive.google.com/file/d/1FigxXXNsdyHexlpNeTMIzZCS94oUVrnQ/view?usp=drivesdk,,НАЙДЕНО И ПОДШИТО,False,,44,44,033__ИС направляющих на фасаде в_о 7-13_И. Узлы.pdf,"[{""path"": ""/home/runner/work/Graf/Graf/.work_sh550/downloads/1FigxXXNsdyHexlpNeTMIzZCS94oUVrnQ_ИС направляющих на фасаде в_о 7-13_И. Узлы.pdf"", ""label"": ""ИС направляющих на фасаде в_о 7-13_И. Узлы.pdf"", ""pages"": [], ""drive_id"": ""1FigxXXNsdyHexlpNeTMIzZCS94oUVrnQ"", ""sha256"": ""5e75451e40a0eb76c40a14639c82965b5e9c733256c4463a99e1259adfc17af2"", ""page_count"": 1}]",
направляющие,34,80,Исполнительная схема монтажа подсистемы на фасаде в/о 12-15/В-А ,,"ООО ""ОСВ-Строй""",НАЙДЕНО В DRIVE / НЕ ВЫГРУЖЕНО В PDF,ИС направляющих на фасаде в_о 12-15_В-А.pdf,Анохин / Фасад в осях 12-15_В-А,https://drive.google.com/file/d/1-v6xVYWAUhpLCK-HLZGIOoT6Rn6SMhMO/view?usp=drivesdk,,НАЙДЕНО И ПОДШИТО,False,,45,45,034__ИС направляющих на фасаде в_о 12-15_В-А.pdf,"[{""path"": ""/home/runner/work/Graf/Graf/.work_sh550/downloads/1-v6xVYWAUhpLCK-HLZGIOoT6Rn6SMhMO_ИС направляющих на фасаде в_о 12-15_В-А.pdf"", ""label"": ""ИС направляющих на фасаде в_о 12-15_В-А.pdf"", ""pages"": [], ""drive_id"": ""1-v6xVYWAUhpLCK-HLZGIOoT6Rn6SMhMO"", ""sha256"": ""b326e5140f533ebc4f1188ff2626bbfc50813ee715f54fc88ef90fe5e01ae1a8"", ""page_count"": 1}]",
направляющие,35,81,Исполнительная схема монтажа подсистемы на фасаде в/о 13-17/В-А ,,"ООО ""ОСВ-Строй""",НАЙДЕНО В DRIVE / НЕ ВЫГРУЖЕНО В PDF,ИС направляющих на фасаде в_о 13-17_В-А.pdf,Анохин / Фасад в осях 13-17_В-А,https://drive.google.com/file/d/1ogdgxby8v6xUeVo3UlNxdPnxB0VDHEFE/view?usp=drivesdk,,НАЙДЕНО И ПОДШИТО,False,,46,46,035__ИС направляющих на фасаде в_о 13-17_В-А.pdf,"[{""path"": ""/home/runner/work/Graf/Graf/.work_sh550/downloads/1ogdgxby8v6xUeVo3UlNxdPnxB0VDHEFE_ИС направляющих на фасаде в_о 13-17_В-А.pdf"", ""label"": ""ИС направляющих на фасаде в_о 13-17_В-А.pdf"", ""pages"": [], ""drive_id"": ""1ogdgxby8v6xUeVo3UlNxdPnxB0VDHEFE"", ""sha256"": ""03ea1d6134dc254975d8357c477bfb47ad85755ff95b663cb064570df92831d9"", ""page_count"": 1}]",
направляющие,36,82,Исполнительная схема монтажа подсистемы на фасаде в/о 12-17/В-А. Узлы ,,"ООО ""ОСВ-Строй""",НАЙДЕНО В DRIVE / НЕ ВЫГРУЖЕНО В PDF,ИС направляющих на фасаде в_о 12-17_В-А  Узлы.pdf,Анохин / Фасад в осях 12-17_В-А,https://drive.google.com/file/d/1DYnvdubOkNmPwln6F5odPd2FhnVMSUnt/view?usp=drivesdk,,НАЙДЕНО И ПОДШИТО,False,,47,47,036__ИС направляющих на фасаде в_о 12-17_В-А Узлы.pdf,"[{""path"": ""/home/runner/work/Graf/Graf/.work_sh550/downloads/1DYnvdubOkNmPwln6F5odPd2FhnVMSUnt_ИС направляющих на фасаде в_о 12-17_В-А Узлы.pdf"", ""label"": ""ИС направляющих на фасаде в_о 12-17_В-А  Узлы.pdf"", ""pages"": [], ""drive_id"": ""1DYnvdubOkNmPwln6F5odPd2FhnVMSUnt"", ""sha256"": ""60faca1c3dbab07ca6f3bea71d61226f8b24648974c62ce88dda00613ace3793"", ""page_count"": 1}]",
направляющие,37,83,Исполнительная схема монтажа подсистемы на фасаде в/о 13/И-В,,"ООО ""ОСВ-Строй""",НАЙДЕНО В DRIVE / НЕ ВЫГРУЖЕНО В PDF,ИС направляющих на фасаде в_о 13_И-В.pdf,Анохин / Фасад в осях 13_И-В,https://drive.google.com/file/d/11LDCQJBdmMKkHecZFK8DmSnzC5AftBb6/view?usp=drivesdk,,НАЙДЕНО И ПОДШИТО,False,,48,48,037__ИС направляющих на фасаде в_о 13_И-В.pdf,"[{""path"": ""/home/runner/work/Graf/Graf/.work_sh550/downloads/11LDCQJBdmMKkHecZFK8DmSnzC5AftBb6_ИС направляющих на фасаде в_о 13_И-В.pdf"", ""label"": ""ИС направляющих на фасаде в_о 13_И-В.pdf"", ""pages"": [], ""drive_id"": ""11LDCQJBdmMKkHecZFK8DmSnzC5AftBb6"", ""sha256"": ""d7b3dac80000935f38196335cff5890c89da865d1bd325ab73695c6cc57c4941"", ""page_count"": 1}]",
направляющие,38,84,Исполнительная схема монтажа подсистемы на фасаде в/о 13/И-В. Узлы,,"ООО ""ОСВ-Строй""",НАЙДЕНО В DRIVE / НЕ ВЫГРУЖЕНО В PDF,ИС направляющих на фасаде в_о 13_И-В  Узлы.pdf,Анохин / Фасад в осях 13_И-В,https://drive.google.com/file/d/1-molQ7aTCetykvWuzd-yBPMTNkrz5fMW/view?usp=drivesdk,,НАЙДЕНО И ПОДШИТО,False,,49,49,038__ИС направляющих на фасаде в_о 13_И-В Узлы.pdf,"[{""path"": ""/home/runner/work/Graf/Graf/.work_sh550/downloads/1-molQ7aTCetykvWuzd-yBPMTNkrz5fMW_ИС направляющих на фасаде в_о 13_И-В Узлы.pdf"", ""label"": ""ИС направляющих на фасаде в_о 13_И-В  Узлы.pdf"", ""pages"": [], ""drive_id"": ""1-molQ7aTCetykvWuzd-yBPMTNkrz5fMW"", ""sha256"": ""e4782236deccfd3da51a6db98da04ceda70fea796b3ea19389e4486abc00ca99"", ""page_count"": 1}]",
направляющие,39,85,Исполнительная схема монтажа подсистемы на фасаде в/о 17/А-Т,,"ООО ""ОСВ-Строй""",НАЙДЕНО В DRIVE / НЕ ВЫГРУЖЕНО В PDF,ИС направляющих на фасаде в_о 17_А-Т.pdf,Анохин / Фасад в осях 17_А-Т,https://drive.google.com/file/d/1_yHQQiz0Tj5uygazeeVzsd9bWp9Y13JT/view?usp=drivesdk,,НАЙДЕНО И ПОДШИТО,False,,50,50,039__ИС направляющих на фасаде в_о 17_А-Т.pdf,"[{""path"": ""/home/runner/work/Graf/Graf/.work_sh550/downloads/1_yHQQiz0Tj5uygazeeVzsd9bWp9Y13JT_ИС направляющих на фасаде в_о 17_А-Т.pdf"", ""label"": ""ИС направляющих на фасаде в_о 17_А-Т.pdf"", ""pages"": [], ""drive_id"": ""1_yHQQiz0Tj5uygazeeVzsd9bWp9Y13JT"", ""sha256"": ""09e10f4b07d43776d7d88d5050042ba497781c33965719b0e7a798fcefed7183"", ""page_count"": 1}]",
керамогранит,1,6,"Паспорт качества на керамический гранит Группа В1а, RW-04 600х1200х10:",№ 169 от 18.11.2022 г.,"ООО ""Ногинский комбинат строительных материалов""",НАЙДЕНО В DRIVE / НЕ ВЫГРУЖЕНО В PDF,Папорт качества №169 керамогранит.pdf,Керамическая плитка,https://drive.google.com/file/d/1e6tl5wd5HXaplgeQPv7OouRlPainwmVC/view?usp=drivesdk,,НАЙДЕНО И ПОДШИТО,False,,4,4,001__Папорт качества №169 керамогранит.pdf,"[{""path"": ""/home/runner/work/Graf/Graf/.work_sh550/downloads/1e6tl5wd5HXaplgeQPv7OouRlPainwmVC_Папорт качества №169 керамогранит.pdf"", ""label"": ""Папорт качества №169 керамогранит.pdf"", ""pages"": [], ""drive_id"": ""1e6tl5wd5HXaplgeQPv7OouRlPainwmVC"", ""sha256"": ""ca7a925bd5cd27a8415ae323590e489edca3584e3677ada795955fb8e60d3c66"", ""page_count"": 1}]",
керамогранит,2,7,"Паспорт качества на керамический гранит Группа В1а, YC-04 600х1200х10:",№ 296 от 26.07.2023 г.,"ООО ""Ногинский комбинат строительных материалов""",НАЙДЕНО В DRIVE / НЕ ВЫГРУЖЕНО В PDF,Папорт качества №296 керамогранит.pdf,Керамическая плитка,https://drive.google.com/file/d/1Fl5nT8CQg-jzjpcWrl8lMHcCceV-EOmd/view?usp=drivesdk,,НАЙДЕНО И ПОДШИТО,False,,5,5,002__Папорт качества №296 керамогранит.pdf,"[{""path"": ""/home/runner/work/Graf/Graf/.work_sh550/downloads/1Fl5nT8CQg-jzjpcWrl8lMHcCceV-EOmd_Папорт качества №296 керамогранит.pdf"", ""label"": ""Папорт качества №296 керамогранит.pdf"", ""pages"": [], ""drive_id"": ""1Fl5nT8CQg-jzjpcWrl8lMHcCceV-EOmd"", ""sha256"": ""8d5f3eef5a70485a6739b1c2493de2dfb91ea748e74b07c8c6ab54537ec6f8c0"", ""page_count"": 1}]",
керамогранит,3,8,"Паспорт качества на керамический гранит Группа В1а, YC-14 600х1200х10:",№ 245 от 28.02.2024 г.,"ООО ""Ногинский комбинат строительных материалов""",НАЙДЕНО В DRIVE / НЕ ВЫГРУЖЕНО В PDF,Паспорт качества №245 керамогранит YC-14 желтая.pdf,Керамическая плитка,https://drive.google.com/file/d/17lVvsO-23mI8PAuODNBEC2gcSddSkzgx/view?usp=drivesdk,,НАЙДЕНО И ПОДШИТО,False,,6,6,003__Паспорт качества №245 керамогранит YC-14 желтая.pdf,"[{""path"": ""/home/runner/work/Graf/Graf/.work_sh550/downloads/17lVvsO-23mI8PAuODNBEC2gcSddSkzgx_Паспорт качества №245 керамогранит YC-14 желтая.pdf"", ""label"": ""Паспорт качества №245 керамогранит YC-14 желтая.pdf"", ""pages"": [], ""drive_id"": ""17lVvsO-23mI8PAuODNBEC2gcSddSkzgx"", ""sha256"": ""03da7a2f613608e772dbd3f9362bebeb2cf0dbe58ffe337ace21c5f86fbaea66"", ""page_count"": 1}]",
керамогранит,4,9,"Паспорт качества на керамический гранит Группа В1а, YC-04 600х1200х10:",№ 1 от 01.06.2024 г.,"ООО ""Ногинский комбинат строительных материалов""",НАЙДЕНО В DRIVE / НЕ ВЫГРУЖЕНО В PDF,Паспорт качества №1 керамогранит YC-04 белая.pdf,Керамическая плитка,https://drive.google.com/file/d/1VIsujGeZOXNwyrCe95mKC8eFqLrqHSKP/view?usp=drivesdk,,НАЙДЕНО И ПОДШИТО,False,,7,7,004__Паспорт качества №1 керамогранит YC-04 белая.pdf,"[{""path"": ""/home/runner/work/Graf/Graf/.work_sh550/downloads/1VIsujGeZOXNwyrCe95mKC8eFqLrqHSKP_Паспорт качества №1 керамогранит YC-04 белая.pdf"", ""label"": ""Паспорт качества №1 керамогранит YC-04 белая.pdf"", ""pages"": [], ""drive_id"": ""1VIsujGeZOXNwyrCe95mKC8eFqLrqHSKP"", ""sha256"": ""91918c1661c96b23dbe903445cdcb216603a20eedf203e7b48c835acbc39d6bd"", ""page_count"": 1}]",
керамогранит,5,10,"Паспорт качества на керамический гранит Группа В1а, YC-04 600х1200х10:",№ 9 от 02.06.2024 г.,"ООО ""Ногинский комбинат строительных материалов""",НАЙДЕНО В DRIVE / НЕ ВЫГРУЖЕНО В PDF,Паспорт качества №9 от 02.06.2024 ... YC-04.pdf,Керамическая плитка,https://drive.google.com/file/d/1ZrIhP9tAaMBq3-h6YO3IaOKlZafJygJK/view?usp=drivesdk,,НАЙДЕНО И ПОДШИТО,False,,8,8,005__Паспорт качества №9 от 02.06.2024 ... YC-04.pdf,"[{""path"": ""/home/runner/work/Graf/Graf/.work_sh550/downloads/1ZrIhP9tAaMBq3-h6YO3IaOKlZafJygJK_Паспорт качества №9 от 02.06.2024 ... YC-04.pdf"", ""label"": ""Паспорт качества №9 от 02.06.2024 ... YC-04.pdf"", ""pages"": [], ""drive_id"": ""1ZrIhP9tAaMBq3-h6YO3IaOKlZafJygJK"", ""sha256"": ""dd51739502fcfe4863ca7db9c9d1a4e4c9740f81f3874aaf03305aa17c5dd945"", ""page_count"": 1}]",
керамогранит,6,11,"Паспорт качества на керамический гранит Группа В1а, YC-04 600х1200х10:",№ 13 от 02.06.2024 г.,"ООО ""Ногинский комбинат строительных материалов""",НАЙДЕНО В DRIVE / НЕ ВЫГРУЖЕНО В PDF,Паспорт качества №13 от 02.06.2024 ... YC-04.pdf,Керамическая плитка,https://drive.google.com/file/d/1on4MP8yOXh04wpMCSMsSfaiOawbCZ1NF/view?usp=drivesdk,,НАЙДЕНО И ПОДШИТО,False,,9,9,006__Паспорт качества №13 от 02.06.2024 ... YC-04.pdf,"[{""path"": ""/home/runner/work/Graf/Graf/.work_sh550/downloads/1on4MP8yOXh04wpMCSMsSfaiOawbCZ1NF_Паспорт качества №13 от 02.06.2024 ... YC-04.pdf"", ""label"": ""Паспорт качества №13 от 02.06.2024 ... YC-04.pdf"", ""pages"": [], ""drive_id"": ""1on4MP8yOXh04wpMCSMsSfaiOawbCZ1NF"", ""sha256"": ""218e5ecd14a42432f5e3ac746b5233a4897e5a5486014f0d4d4e2a4f4bf07035"", ""page_count"": 1}]",
керамогранит,7,12,"Паспорт качества на керамический гранит Группа В1а, YC-04 600х1200х10:",№ 13 от 02.06.2024 г.,"ООО ""Ногинский комбинат строительных материалов""",НАЙДЕНО В DRIVE / НЕ ВЫГРУЖЕНО В PDF,Паспорт качества №13 от 02.06.2024 ... YC-04.pdf,Керамическая плитка,https://drive.google.com/file/d/1on4MP8yOXh04wpMCSMsSfaiOawbCZ1NF/view?usp=drivesdk,,НАЙДЕНО И ПОДШИТО,False,,10,10,007__Паспорт качества №13 от 02.06.2024 ... YC-04.pdf,"[{""path"": ""/home/runner/work/Graf/Graf/.work_sh550/downloads/1on4MP8yOXh04wpMCSMsSfaiOawbCZ1NF_Паспорт качества №13 от 02.06.2024 ... YC-04.pdf"", ""label"": ""Паспорт качества №13 от 02.06.2024 ... YC-04.pdf"", ""pages"": [], ""drive_id"": ""1on4MP8yOXh04wpMCSMsSfaiOawbCZ1NF"", ""sha256"": ""218e5ecd14a42432f5e3ac746b5233a4897e5a5486014f0d4d4e2a4f4bf07035"", ""page_count"": 1}]",
керамогранит,8,13,"Паспорт качества на керамический гранит Группа В1а, YC-04 600х1200х10:",№ 16 от 02.06.2024 г.,"ООО ""Ногинский комбинат строительных материалов""",НАЙДЕНО В DRIVE / НЕ ВЫГРУЖЕНО В PDF,Паспорт качества №16 от 02.06.2024 ... YC-04.pdf,Керамическая плитка,https://drive.google.com/file/d/1Ak-N11f68O9w5JvlPTwz8LZ09zlzuBPq/view?usp=drivesdk,,НАЙДЕНО И ПОДШИТО,False,,11,11,008__Паспорт качества №16 от 02.06.2024 ... YC-04.pdf,"[{""path"": ""/home/runner/work/Graf/Graf/.work_sh550/downloads/1Ak-N11f68O9w5JvlPTwz8LZ09zlzuBPq_Паспорт качества №16 от 02.06.2024 ... YC-04.pdf"", ""label"": ""Паспорт качества №16 от 02.06.2024 ... YC-04.pdf"", ""pages"": [], ""drive_id"": ""1Ak-N11f68O9w5JvlPTwz8LZ09zlzuBPq"", ""sha256"": ""cca8c122b6bafe75602a5461663bf430971c0672d988a3b9335dc3fb1969fab8"", ""page_count"": 1}]",
керамогранит,9,14,"Паспорт качества на керамический гранит Группа В1а, YC-04 600х1200х10:",№ 19 от 03.06.2024 г.,"ООО ""Ногинский комбинат строительных материалов""",НАЙДЕНО В DRIVE / НЕ ВЫГРУЖЕНО В PDF,Паспорт качества №19 от 03.06.2024 ... YC-04.pdf,Керамическая плитка,https://drive.google.com/file/d/1LQ5uwznB_17DMyOwGW7DHcZyKII1ozF8/view?usp=drivesdk,,НАЙДЕНО И ПОДШИТО,False,,12,12,009__Паспорт качества №19 от 03.06.2024 ... YC-04.pdf,"[{""path"": ""/home/runner/work/Graf/Graf/.work_sh550/downloads/1LQ5uwznB_17DMyOwGW7DHcZyKII1ozF8_Паспорт качества №19 от 03.06.2024 ... YC-04.pdf"", ""label"": ""Паспорт качества №19 от 03.06.2024 ... YC-04.pdf"", ""pages"": [], ""drive_id"": ""1LQ5uwznB_17DMyOwGW7DHcZyKII1ozF8"", ""sha256"": ""f30840e3926bba0072cecb0bde0a375e966d45948c042e28b7d21d4fbfe0534e"", ""page_count"": 1}]",
керамогранит,10,15,"Паспорт качества на керамический гранит Группа В1а, YC-14 600х1200х10:",№ 29 от 03.06.2024 г.,"ООО ""Ногинский комбинат строительных материалов""",НАЙДЕНО В DRIVE / НЕ ВЫГРУЖЕНО В PDF,Паспорт качества №29 от 03.06.2024 ... YC-14.pdf,Керамическая плитка,https://drive.google.com/file/d/1lmT9H5lqT8AB73uYBu20eH0jGk0-QE2n/view?usp=drivesdk,,НАЙДЕНО И ПОДШИТО,False,,13,13,010__Паспорт качества №29 от 03.06.2024 ... YC-14.pdf,"[{""path"": ""/home/runner/work/Graf/Graf/.work_sh550/downloads/1lmT9H5lqT8AB73uYBu20eH0jGk0-QE2n_Паспорт качества №29 от 03.06.2024 ... YC-14.pdf"", ""label"": ""Паспорт качества №29 от 03.06.2024 ... YC-14.pdf"", ""pages"": [], ""drive_id"": ""1lmT9H5lqT8AB73uYBu20eH0jGk0-QE2n"", ""sha256"": ""8540eb8f03f237543beb571520f7624978f3d72ae0bba019095150d73d72bfb4"", ""page_count"": 1}]",
керамогранит,11,16,"Паспорт качества на керамический гранит Группа В1а, YC-14 600х1200х10:",№ 30 от 04.06.2024 г.,"ООО ""Ногинский комбинат строительных материалов""",НАЙДЕНО В DRIVE / НЕ ВЫГРУЖЕНО В PDF,Паспорт качества №30 от 04.06.2024 ... YC-14.pdf,Керамическая плитка,https://drive.google.com/file/d/1CK8vcyZUPZbbmFDnwnwKEaa1RkjkVrDX/view?usp=drivesdk,,НАЙДЕНО И ПОДШИТО,False,,14,14,011__Паспорт качества №30 от 04.06.2024 ... YC-14.pdf,"[{""path"": ""/home/runner/work/Graf/Graf/.work_sh550/downloads/1CK8vcyZUPZbbmFDnwnwKEaa1RkjkVrDX_Паспорт качества №30 от 04.06.2024 ... YC-14.pdf"", ""label"": ""Паспорт качества №30 от 04.06.2024 ... YC-14.pdf"", ""pages"": [], ""drive_id"": ""1CK8vcyZUPZbbmFDnwnwKEaa1RkjkVrDX"", ""sha256"": ""affb589b62a906ba852ab97cddc84c175bf51aad9e3c138b7c34e31d81a98f73"", ""page_count"": 1}]",
керамогранит,12,17,"Паспорт качества на керамический гранит Группа В1а, RW-04 600х1200х10:",№ 80 от 12.06.2024 г.,"ООО ""Ногинский комбинат строительных материалов""",НАЙДЕНО В DRIVE / НЕ ВЫГРУЖЕНО В PDF,Папорт качества №80 керамогранит.pdf,Керамическая плитка,https://drive.google.com/file/d/1BJPtUDgQPogtXnvkEqsAbQFTfyvOCQSy/view?usp=drivesdk,,НАЙДЕНО И ПОДШИТО,False,,15,15,012__Папорт качества №80 керамогранит.pdf,"[{""path"": ""/home/runner/work/Graf/Graf/.work_sh550/downloads/1BJPtUDgQPogtXnvkEqsAbQFTfyvOCQSy_Папорт качества №80 керамогранит.pdf"", ""label"": ""Папорт качества №80 керамогранит.pdf"", ""pages"": [], ""drive_id"": ""1BJPtUDgQPogtXnvkEqsAbQFTfyvOCQSy"", ""sha256"": ""3ac48ee419f9d2742457c3131ead18c7ca11a7a205904e0dc349c9433a97c07d"", ""page_count"": 1}]",
керамогранит,13,18,"Паспорт качества на керамический гранит Группа В1а, RW-04 600х1200х10:",№ 64 от 13.06.2024 г.,"ООО ""Ногинский комбинат строительных материалов""",НАЙДЕНО В DRIVE / НЕ ВЫГРУЖЕНО В PDF,Папорт качества №64 керамогранит (не глазур) RW-04 коричневая.pdf,Керамическая плитка,https://drive.google.com/file/d/1T1ztlnUOLhbU-Eyiy7BFHz3yosB0KYzq/view?usp=drivesdk,,НАЙДЕНО И ПОДШИТО,False,,16,16,013__Папорт качества №64 керамогранит (не глазур) RW-04 коричневая.pdf,"[{""path"": ""/home/runner/work/Graf/Graf/.work_sh550/downloads/1T1ztlnUOLhbU-Eyiy7BFHz3yosB0KYzq_Папорт качества №64 керамогранит (не глазур) RW-04 коричневая.pdf"", ""label"": ""Папорт качества №64 керамогранит (не глазур) RW-04 коричневая.pdf"", ""pages"": [], ""drive_id"": ""1T1ztlnUOLhbU-Eyiy7BFHz3yosB0KYzq"", ""sha256"": ""5831dfbd4ac628ff5a1b3ed6ee05f796c40da8d9ab5624b628530a9141f9387b"", ""page_count"": 1}]",
керамогранит,14,19,"Паспорт качества на керамический гранит Группа В1а, RW-04 600х1200х10:",№ 85 от 13.06.2024 г.,"ООО ""Ногинский комбинат строительных материалов""",НАЙДЕНО В DRIVE / НЕ ВЫГРУЖЕНО В PDF,Папорт качества №85 керамогранит.pdf,Керамическая плитка,https://drive.google.com/file/d/16bXpYp0QXDhWUtQHj02UkJfh2q2XmZbU/view?usp=drivesdk,,НАЙДЕНО И ПОДШИТО,False,,17,17,014__Папорт качества №85 керамогранит.pdf,"[{""path"": ""/home/runner/work/Graf/Graf/.work_sh550/downloads/16bXpYp0QXDhWUtQHj02UkJfh2q2XmZbU_Папорт качества №85 керамогранит.pdf"", ""label"": ""Папорт качества №85 керамогранит.pdf"", ""pages"": [], ""drive_id"": ""16bXpYp0QXDhWUtQHj02UkJfh2q2XmZbU"", ""sha256"": ""32593b982b0d76ecf01d543da48dd34491d3ca7281971dba9783a1bd3c6b25cb"", ""page_count"": 1}]",
керамогранит,15,20,"Паспорт качества на керамический гранит Группа В1а, RW-04 600х1200х10:",№ 89 от 14.06.2024 г.,"ООО ""Ногинский комбинат строительных материалов""",НАЙДЕНО В DRIVE / НЕ ВЫГРУЖЕНО В PDF,Папорт качества №89 керамогранит.pdf,Керамическая плитка,https://drive.google.com/file/d/1cIEhrz5S03Xp4OXIf8CjMr5TAoRtM-aa/view?usp=drivesdk,,НАЙДЕНО И ПОДШИТО,False,,18,18,015__Папорт качества №89 керамогранит.pdf,"[{""path"": ""/home/runner/work/Graf/Graf/.work_sh550/downloads/1cIEhrz5S03Xp4OXIf8CjMr5TAoRtM-aa_Папорт качества №89 керамогранит.pdf"", ""label"": ""Папорт качества №89 керамогранит.pdf"", ""pages"": [], ""drive_id"": ""1cIEhrz5S03Xp4OXIf8CjMr5TAoRtM-aa"", ""sha256"": ""e7c96fefd78e746b2fa568268f3bed5ec35cc986e93bb6a3418052df502fb88f"", ""page_count"": 1}]",
керамогранит,16,21,"Паспорт качества на керамический гранит Группа В1а, AW-01 194х1200х10:",№ 60 от 11.07.2024 г.,"ООО ""Ногинский комбинат строительных материалов""",НАЙДЕНО В DRIVE / НЕ ВЫГРУЖЕНО В PDF,Папорт качества №60 керамогранит.pdf,Керамическая плитка,https://drive.google.com/file/d/1lJ_e6JzbszRb2MO0C3sdCWyU4gA2RUu8/view?usp=drivesdk,,НАЙДЕНО И ПОДШИТО,False,,19,19,016__Папорт качества №60 керамогранит.pdf,"[{""path"": ""/home/runner/work/Graf/Graf/.work_sh550/downloads/1lJ_e6JzbszRb2MO0C3sdCWyU4gA2RUu8_Папорт качества №60 керамогранит.pdf"", ""label"": ""Папорт качества №60 керамогранит.pdf"", ""pages"": [], ""drive_id"": ""1lJ_e6JzbszRb2MO0C3sdCWyU4gA2RUu8"", ""sha256"": ""b793e7a3994c1b71586ed0069a635d1fd6df70cbb3643223886586e93eb7b32f"", ""page_count"": 1}]",
керамогранит,17,22,"Паспорт качества на керамический гранит Группа В1а, AW-01 194х1200х10:",№ 61 от 12.07.2024 г.,"ООО ""Ногинский комбинат строительных материалов""",НАЙДЕНО В DRIVE / НЕ ВЫГРУЖЕНО В PDF,Папорт качества №61 керамогранит.pdf,Керамическая плитка,https://drive.google.com/file/d/1AFMbXB0C74BtSO8yTDsc3bP-RczOuk3l/view?usp=drivesdk,,НАЙДЕНО И ПОДШИТО,False,,20,20,017__Папорт качества №61 керамогранит.pdf,"[{""path"": ""/home/runner/work/Graf/Graf/.work_sh550/downloads/1AFMbXB0C74BtSO8yTDsc3bP-RczOuk3l_Папорт качества №61 керамогранит.pdf"", ""label"": ""Папорт качества №61 керамогранит.pdf"", ""pages"": [], ""drive_id"": ""1AFMbXB0C74BtSO8yTDsc3bP-RczOuk3l"", ""sha256"": ""58eed520d7a1a9f042c8d135741301cdd0b3bcd2d9c289849461ad2e9ceefc85"", ""page_count"": 1}]",
керамогранит,18,23,"Паспорт качества на керамический гранит Группа В1а, AW-01 194х1200х10:",№ 62 от 12.07.2024 г.,"ООО ""Ногинский комбинат строительных материалов""",НАЙДЕНО В DRIVE / НЕ ВЫГРУЖЕНО В PDF,Папорт качества №62 керамогранит.pdf,Керамическая плитка,https://drive.google.com/file/d/1RTayjFuY0EIw5S8ZTXj4H-sWbn0U46R9/view?usp=drivesdk,,НАЙДЕНО И ПОДШИТО,False,,21,21,018__Папорт качества №62 керамогранит.pdf,"[{""path"": ""/home/runner/work/Graf/Graf/.work_sh550/downloads/1RTayjFuY0EIw5S8ZTXj4H-sWbn0U46R9_Папорт качества №62 керамогранит.pdf"", ""label"": ""Папорт качества №62 керамогранит.pdf"", ""pages"": [], ""drive_id"": ""1RTayjFuY0EIw5S8ZTXj4H-sWbn0U46R9"", ""sha256"": ""2a48692caa7964943dd7def2adbf66d6180b5ec1e1bfa9331d162d8e800f38b5"", ""page_count"": 1}]",
керамогранит,19,24,"Паспорт качества на керамический гранит Группа В1а, AW-01 194х1200х10:",№ 64 от 13.07.2024 г.,"ООО ""Ногинский комбинат строительных материалов""",НАЙДЕНО В DRIVE / НЕ ВЫГРУЖЕНО В PDF,Папорт качества №64 керамогранит (глазур) AW-01 под дерево.pdf,Керамическая плитка,https://drive.google.com/file/d/1CTc0lGZFVfjQfz_dhjZrLdkH8y8iz0v3/view?usp=drivesdk,,НАЙДЕНО И ПОДШИТО,False,,22,22,019__Папорт качества №64 керамогранит (глазур) AW-01 под дерево.pdf,"[{""path"": ""/home/runner/work/Graf/Graf/.work_sh550/downloads/1CTc0lGZFVfjQfz_dhjZrLdkH8y8iz0v3_Папорт качества №64 керамогранит (глазур) AW-01 под дерево.pdf"", ""label"": ""Папорт качества №64 керамогранит (глазур) AW-01 под дерево.pdf"", ""pages"": [], ""drive_id"": ""1CTc0lGZFVfjQfz_dhjZrLdkH8y8iz0v3"", ""sha256"": ""98bb5b7dc40e68d469bebd4f762dbccb99e82512d5db1a7017928a05f206dacc"", ""page_count"": 1}]",
керамогранит,20,25,"Паспорт качества на керамический гранит Группа В1а, AW-01 194х1200х10:",№ 68 от 14.07.2024 г.,"ООО ""Ногинский комбинат строительных материалов""",НАЙДЕНО В DRIVE / НЕ ВЫГРУЖЕНО В PDF,Папорт качества №68 керамогранит.pdf,Керамическая плитка,https://drive.google.com/file/d/1pzyEaYl6tKPaqGH6KJ04S0f5u32i1Exi/view?usp=drivesdk,,НАЙДЕНО И ПОДШИТО,False,,23,23,020__Папорт качества №68 керамогранит.pdf,"[{""path"": ""/home/runner/work/Graf/Graf/.work_sh550/downloads/1pzyEaYl6tKPaqGH6KJ04S0f5u32i1Exi_Папорт качества №68 керамогранит.pdf"", ""label"": ""Папорт качества №68 керамогранит.pdf"", ""pages"": [], ""drive_id"": ""1pzyEaYl6tKPaqGH6KJ04S0f5u32i1Exi"", ""sha256"": ""41eb2bb03e6c3c207129cc6d29b701ba635466f49275c340aac0cc59fffcb652"", ""page_count"": 1}]",
керамогранит,21,26,"Паспорт качества на керамический гранит Группа В1а, AW-01 194х1200х10:",№ 72 от 14.07.2024 г.,"ООО ""Ногинский комбинат строительных материалов""",НАЙДЕНО В DRIVE / НЕ ВЫГРУЖЕНО В PDF,Папорт качества №72 керамогранит.pdf,Керамическая плитка,https://drive.google.com/file/d/1Xm0aYy5WOmxJSbfwx0wro1KogcTSP4vD/view?usp=drivesdk,,НАЙДЕНО И ПОДШИТО,False,,24,24,021__Папорт качества №72 керамогранит.pdf,"[{""path"": ""/home/runner/work/Graf/Graf/.work_sh550/downloads/1Xm0aYy5WOmxJSbfwx0wro1KogcTSP4vD_Папорт качества №72 керамогранит.pdf"", ""label"": ""Папорт качества №72 керамогранит.pdf"", ""pages"": [], ""drive_id"": ""1Xm0aYy5WOmxJSbfwx0wro1KogcTSP4vD"", ""sha256"": ""bc151c52817ed4b5c6a8142cb505b25529d8ca34225215bff26300e3aa3c16f3"", ""page_count"": 1}]",
керамогранит,22,27,Сертификат соответствия на керамический гранит,№ РОСС С-RU.НК02.В.00016/24 с 15.08.2024 г. по 14.08.2029 г.,"ООО ""Ногинский комбинат строительных материалов""",НАЙДЕНО В DRIVE / НЕ ВЫГРУЖЕНО В PDF,Сертификат соотв на керамогранит_0001624-_-NKSI.pdf,Керамическая плитка,https://drive.google.com/file/d/1jEfIVOAjYz2IYj1gdju53UQOuOVULWGb/view?usp=drivesdk,,НАЙДЕНО И ПОДШИТО,False,,25,40,022__Сертификат соотв на керамогранит_0001624-_-NKSI.pdf,"[{""path"": ""/home/runner/work/Graf/Graf/.work_sh550/downloads/1jEfIVOAjYz2IYj1gdju53UQOuOVULWGb_Сертификат соотв на керамогранит_0001624-_-NKSI.pdf"", ""label"": ""Сертификат соотв на керамогранит_0001624-_-NKSI.pdf"", ""pages"": [], ""drive_id"": ""1jEfIVOAjYz2IYj1gdju53UQOuOVULWGb"", ""sha256"": ""2af05ad2995e29afc3cb5779d0f2df08213ce070c664a6077e00e24f79b6584d"", ""page_count"": 16}]",
керамогранит,23,28,Экспертное заключение о соответствии санитарно-эпидемиологическим требованиям,№ 893-6 от 26.03.2019 г.,"ООО ""Ногинский комбинат строительных материалов""",НАЙДЕНО В DRIVE / НЕ ВЫГРУЖЕНО В PDF,Экспертное заключение на керамогранит.pdf,Керамическая плитка,https://drive.google.com/file/d/17heoVeztbD_AZn-v6yJb6plg3ngJ6Gds/view?usp=drivesdk,,НАЙДЕНО И ПОДШИТО,False,,41,42,023__Экспертное заключение на керамогранит.pdf,"[{""path"": ""/home/runner/work/Graf/Graf/.work_sh550/downloads/17heoVeztbD_AZn-v6yJb6plg3ngJ6Gds_Экспертное заключение на керамогранит.pdf"", ""label"": ""Экспертное заключение на керамогранит.pdf"", ""pages"": [], ""drive_id"": ""17heoVeztbD_AZn-v6yJb6plg3ngJ6Gds"", ""sha256"": ""bbfba57651365583444a539929bf57121faf8a9087d6eafbb68d37bacfa78863"", ""page_count"": 2}]",
керамогранит,24,29,Исполнительная схема монтажа керамогранита НВФ в/о 1/Т-Е,,"ООО ""ОСВ-Строй""",НАЙДЕНО В DRIVE / НЕ ВЫГРУЖЕНО В PDF,ИС керамогранита на фасаде в_о 1_Е-Т.pdf,Анохин / Фасад в осях 1_Е-Т,https://drive.google.com/file/d/1f3HLSKNYSc_Sw99fOkhwKbDCb8zGZAlg/view?usp=drivesdk,,НАЙДЕНО И ПОДШИТО,False,,43,43,024__ИС керамогранита на фасаде в_о 1_Е-Т.pdf,"[{""path"": ""/home/runner/work/Graf/Graf/.work_sh550/downloads/1f3HLSKNYSc_Sw99fOkhwKbDCb8zGZAlg_ИС керамогранита на фасаде в_о 1_Е-Т.pdf"", ""label"": ""ИС керамогранита на фасаде в_о 1_Е-Т.pdf"", ""pages"": [], ""drive_id"": ""1f3HLSKNYSc_Sw99fOkhwKbDCb8zGZAlg"", ""sha256"": ""8802f3e81f70a46ed6ef4db189ede2c51e53f1e35f2459356f852493e3fae325"", ""page_count"": 1}]",
керамогранит,25,30,Исполнительная схема монтажа керамогранита НВФ в/о 1/Т-Е. Узлы,,"ООО ""ОСВ-Строй""",НАЙДЕНО В DRIVE / НЕ ВЫГРУЖЕНО В PDF,ИС керамогранита на фасаде в_о 1_Е-Т. Узлы.pdf,Анохин / Фасад в осях 1_Е-Т,https://drive.google.com/file/d/1QzTNJe9LVVKw2eQYMzQaHMv4XS7uvRAo/view?usp=drivesdk,,НАЙДЕНО И ПОДШИТО,False,,44,44,025__ИС керамогранита на фасаде в_о 1_Е-Т. Узлы.pdf,"[{""path"": ""/home/runner/work/Graf/Graf/.work_sh550/downloads/1QzTNJe9LVVKw2eQYMzQaHMv4XS7uvRAo_ИС керамогранита на фасаде в_о 1_Е-Т. Узлы.pdf"", ""label"": ""ИС керамогранита на фасаде в_о 1_Е-Т. Узлы.pdf"", ""pages"": [], ""drive_id"": ""1QzTNJe9LVVKw2eQYMzQaHMv4XS7uvRAo"", ""sha256"": ""40a4adde23962f54102b28911778feaa2aaa2b4ffaf6c62e7f48f9772c2cb813"", ""page_count"": 1}]",
керамогранит,26,31,Исполнительная схема цветового решения НВФ в/о 1/Т-Е,,"ООО ""ОСВ-Строй""",НАЙДЕНО В DRIVE / НЕ ВЫГРУЖЕНО В PDF,ИС цветового решения керамогранита на фасаде в_о 1_Е-Т.pdf,Анохин / Фасад в осях 1_Е-Т,https://drive.google.com/file/d/1NelA8VgyqzhJJ3zhyeZbly_KLLcnrwZS/view?usp=drivesdk,,НАЙДЕНО И ПОДШИТО,False,,45,45,026__ИС цветового решения керамогранита на фасаде в_о 1_Е-Т.pdf,"[{""path"": ""/home/runner/work/Graf/Graf/.work_sh550/downloads/1NelA8VgyqzhJJ3zhyeZbly_KLLcnrwZS_ИС цветового решения керамогранита на фасаде в_о 1_Е-Т.pdf"", ""label"": ""ИС цветового решения керамогранита на фасаде в_о 1_Е-Т.pdf"", ""pages"": [], ""drive_id"": ""1NelA8VgyqzhJJ3zhyeZbly_KLLcnrwZS"", ""sha256"": ""f4179f44572ca7865f376e775032b06dea61ac96b0da58d4e3b7dcca2cefd6c0"", ""page_count"": 1}]",
керамогранит,27,32,Исполнительная схема монтажа керамогранита НВФ в/о 1-7/Е-Ж,,"ООО ""ОСВ-Строй""",НАЙДЕНО В DRIVE / НЕ ВЫГРУЖЕНО В PDF,ИС керамогранита на фасаде в_о 1-7_Е-Ж.pdf,Анохин / Фасад в осях 1-7_Е-Ж,https://drive.google.com/file/d/1d9zwwVOg7GbK1-iGTMSFxhm35CqfIFWy/view?usp=drivesdk,,НАЙДЕНО И ПОДШИТО,False,,46,46,027__ИС керамогранита на фасаде в_о 1-7_Е-Ж.pdf,"[{""path"": ""/home/runner/work/Graf/Graf/.work_sh550/downloads/1d9zwwVOg7GbK1-iGTMSFxhm35CqfIFWy_ИС керамогранита на фасаде в_о 1-7_Е-Ж.pdf"", ""label"": ""ИС керамогранита на фасаде в_о 1-7_Е-Ж.pdf"", ""pages"": [], ""drive_id"": ""1d9zwwVOg7GbK1-iGTMSFxhm35CqfIFWy"", ""sha256"": ""0cc74f92a6635ecdd31adc258139cbafd06e3a9a8ab2c33500579b4654ef44eb"", ""page_count"": 1}]",
керамогранит,28,33,Исполнительная схема монтажа керамогранита НВФ в/о 1-7/Е-Ж. Узлы,,"ООО ""ОСВ-Строй""",НАЙДЕНО В DRIVE / НЕ ВЫГРУЖЕНО В PDF,ИС керамогранита на фасаде в_о 1-7_Е-Ж. Узлы.pdf,Анохин / Фасад в осях 1-7_Е-Ж,https://drive.google.com/file/d/1qpf7ix4wU9VT1qyaUFTgPXDXqIyBegGg/view?usp=drivesdk,,НАЙДЕНО И ПОДШИТО,False,,47,47,028__ИС керамогранита на фасаде в_о 1-7_Е-Ж. Узлы.pdf,"[{""path"": ""/home/runner/work/Graf/Graf/.work_sh550/downloads/1qpf7ix4wU9VT1qyaUFTgPXDXqIyBegGg_ИС керамогранита на фасаде в_о 1-7_Е-Ж. Узлы.pdf"", ""label"": ""ИС керамогранита на фасаде в_о 1-7_Е-Ж. Узлы.pdf"", ""pages"": [], ""drive_id"": ""1qpf7ix4wU9VT1qyaUFTgPXDXqIyBegGg"", ""sha256"": ""395f0785bd0bf1c3abcfaaa653f086423b0e2f58352aac71ecabd5e1e3f82603"", ""page_count"": 1}]",
керамогранит,29,34,Исполнительная схема цветового решения НВФ в/о 1-7/Е-Ж,,"ООО ""ОСВ-Строй""",НАЙДЕНО В DRIVE / НЕ ВЫГРУЖЕНО В PDF,ИС цветовое решение фасада в_о 1-7_Е-Ж.pdf,Анохин / Фасад в осях 1-7_Е-Ж,https://drive.google.com/file/d/1BDcLF5EwjQVcqOP7J2oMMt66VT3mGvQ5/view?usp=drivesdk,,НАЙДЕНО И ПОДШИТО,False,,48,48,029__ИС цветовое решение фасада в_о 1-7_Е-Ж.pdf,"[{""path"": ""/home/runner/work/Graf/Graf/.work_sh550/downloads/1BDcLF5EwjQVcqOP7J2oMMt66VT3mGvQ5_ИС цветовое решение фасада в_о 1-7_Е-Ж.pdf"", ""label"": ""ИС цветовое решение фасада в_о 1-7_Е-Ж.pdf"", ""pages"": [], ""drive_id"": ""1BDcLF5EwjQVcqOP7J2oMMt66VT3mGvQ5"", ""sha256"": ""9a957f0e3dec6136f93467162b352fe9598240036c74881e14fe5693b150f87e"", ""page_count"": 1}]",
керамогранит,30,35,Исполнительная схема монтажа керамогранита НВФ в/о 17-1/Т (лист 27),,"ООО ""ОСВ-Строй""",НАЙДЕНО В DRIVE / НЕ ВЫГРУЖЕНО В PDF,ИС керамогранита фасад в_о 17-1_Т лист 1.pdf,Анохин / Фасад в осях 17-1_Т,https://drive.google.com/file/d/1t8573dFNI9RSnNdUAbfP4M5AKmdMjx4M/view?usp=drivesdk,,НАЙДЕНО И ПОДШИТО,False,,49,49,030__ИС керамогранита фасад в_о 17-1_Т лист 1.pdf,"[{""path"": ""/home/runner/work/Graf/Graf/.work_sh550/downloads/1t8573dFNI9RSnNdUAbfP4M5AKmdMjx4M_ИС керамогранита фасад в_о 17-1_Т лист 1.pdf"", ""label"": ""ИС керамогранита фасад в_о 17-1_Т лист 1.pdf"", ""pages"": [], ""drive_id"": ""1t8573dFNI9RSnNdUAbfP4M5AKmdMjx4M"", ""sha256"": ""93475458cf2166745c23fca360fdf19714b600e83fa6c27d58bd65e06d11b1b8"", ""page_count"": 1}]",
керамогранит,31,36,Исполнительная схема монтажа керамогранита НВФ в/о 17-1/Т (лист 28),,"ООО ""ОСВ-Строй""",НАЙДЕНО В DRIVE / НЕ ВЫГРУЖЕНО В PDF,ИС керамогранита фасад в_о 17-1_Т лист 2.pdf,Анохин / Фасад в осях 17-1_Т,https://drive.google.com/file/d/10j2xSjnCuHbx5cVq8OvCF_RSqVjU0CIy/view?usp=drivesdk,,НАЙДЕНО И ПОДШИТО,False,,50,50,031__ИС керамогранита фасад в_о 17-1_Т лист 2.pdf,"[{""path"": ""/home/runner/work/Graf/Graf/.work_sh550/downloads/10j2xSjnCuHbx5cVq8OvCF_RSqVjU0CIy_ИС керамогранита фасад в_о 17-1_Т лист 2.pdf"", ""label"": ""ИС керамогранита фасад в_о 17-1_Т лист 2.pdf"", ""pages"": [], ""drive_id"": ""10j2xSjnCuHbx5cVq8OvCF_RSqVjU0CIy"", ""sha256"": ""ce6d4667f1b80eea7cea8616dbbb52752c4d60c0bcff4b30c4fa0716d40791e8"", ""page_count"": 1}]",
керамогранит,32,37,Исполнительная схема монтажа керамогранита НВФ в/о 17-1/Т (лист 29),,"ООО ""ОСВ-Строй""",НАЙДЕНО В DRIVE / НЕ ВЫГРУЖЕНО В PDF,ИС керамогранита фасад в_о 17-1_Т лист 3.pdf,Анохин / Фасад в осях 17-1_Т,https://drive.google.com/file/d/1iMhaDvmwgrZ30xzdb-03xy2JSARzp4aQ/view?usp=drivesdk,,НАЙДЕНО И ПОДШИТО,False,,51,51,032__ИС керамогранита фасад в_о 17-1_Т лист 3.pdf,"[{""path"": ""/home/runner/work/Graf/Graf/.work_sh550/downloads/1iMhaDvmwgrZ30xzdb-03xy2JSARzp4aQ_ИС керамогранита фасад в_о 17-1_Т лист 3.pdf"", ""label"": ""ИС керамогранита фасад в_о 17-1_Т лист 3.pdf"", ""pages"": [], ""drive_id"": ""1iMhaDvmwgrZ30xzdb-03xy2JSARzp4aQ"", ""sha256"": ""dcac613e77cf9fe257dec00174875f54b595fd864b38332b1dd2680e3f093e37"", ""page_count"": 1}]",
керамогранит,33,38,Исполнительная схема монтажа керамогранита НВФ в/о 17-1/Т (лист 30),,"ООО ""ОСВ-Строй""",НАЙДЕНО В DRIVE / НЕ ВЫГРУЖЕНО В PDF,ИС керамогранита фасад в_о 17-1_Т лист 4.pdf,Анохин / Фасад в осях 17-1_Т,https://drive.google.com/file/d/1Wa5-RUTO43dzZwA3rxp5UZlc7oLp1Hmn/view?usp=drivesdk,,НАЙДЕНО И ПОДШИТО,False,,52,52,033__ИС керамогранита фасад в_о 17-1_Т лист 4.pdf,"[{""path"": ""/home/runner/work/Graf/Graf/.work_sh550/downloads/1Wa5-RUTO43dzZwA3rxp5UZlc7oLp1Hmn_ИС керамогранита фасад в_о 17-1_Т лист 4.pdf"", ""label"": ""ИС керамогранита фасад в_о 17-1_Т лист 4.pdf"", ""pages"": [], ""drive_id"": ""1Wa5-RUTO43dzZwA3rxp5UZlc7oLp1Hmn"", ""sha256"": ""9bfdc49cf17a6e00d8d9881c272b27b32c9ba908ca5ede2c47be9367417e20dc"", ""page_count"": 1}]",
керамогранит,34,39,Исполнительная схема монтажа керамогранита НВФ в/о 17-1/Т (лист 31),,"ООО ""ОСВ-Строй""",НАЙДЕНО В DRIVE / НЕ ВЫГРУЖЕНО В PDF,ИС керамогранита фасад в_о 17-1_Т лист 5.pdf,Анохин / Фасад в осях 17-1_Т,https://drive.google.com/file/d/111P69CBpULHXzqNR-oOcoTwEtvTfVfHz/view?usp=drivesdk,,НАЙДЕНО И ПОДШИТО,False,,53,53,034__ИС керамогранита фасад в_о 17-1_Т лист 5.pdf,"[{""path"": ""/home/runner/work/Graf/Graf/.work_sh550/downloads/111P69CBpULHXzqNR-oOcoTwEtvTfVfHz_ИС керамогранита фасад в_о 17-1_Т лист 5.pdf"", ""label"": ""ИС керамогранита фасад в_о 17-1_Т лист 5.pdf"", ""pages"": [], ""drive_id"": ""111P69CBpULHXzqNR-oOcoTwEtvTfVfHz"", ""sha256"": ""7ee5134e5c25d02cbc52533d1b8a95696b386d5d449013b2aac866e672e5bc35"", ""page_count"": 1}]",
керамогранит,35,40,Исполнительная схема монтажа керамогранита НВФ в/о 17-1/Т (лист 32),,"ООО ""ОСВ-Строй""",НАЙДЕНО В DRIVE / НЕ ВЫГРУЖЕНО В PDF,ИС керамогранита фасад в_о 17-1_Т лист 6.pdf,Анохин / Фасад в осях 17-1_Т,https://drive.google.com/file/d/15ps1Ak5M6g73ASQvPkW2_syfs63dA_A1/view?usp=drivesdk,,НАЙДЕНО И ПОДШИТО,False,,54,54,035__ИС керамогранита фасад в_о 17-1_Т лист 6.pdf,"[{""path"": ""/home/runner/work/Graf/Graf/.work_sh550/downloads/15ps1Ak5M6g73ASQvPkW2_syfs63dA_A1_ИС керамогранита фасад в_о 17-1_Т лист 6.pdf"", ""label"": ""ИС керамогранита фасад в_о 17-1_Т лист 6.pdf"", ""pages"": [], ""drive_id"": ""15ps1Ak5M6g73ASQvPkW2_syfs63dA_A1"", ""sha256"": ""cf96edb0144027776150180b1c14ae28819f0fda4448335412c3ea69108f3f25"", ""page_count"": 1}]",
керамогранит,36,41,Исполнительная схема монтажа керамогранита НВФ в/о 17-1/Т (лист 33). Узлы,,"ООО ""ОСВ-Строй""",НАЙДЕНО В DRIVE / ПРОВЕРИТЬ,ИС керамогранита фасад в_о 17-1_Т лист 7.pdf,Анохин / Фасад в осях 17-1_Т,https://drive.google.com/file/d/19VALzVhQujQo4_Wu26QRJyrA0RIIp8jG/view?usp=drivesdk,"В реестре строка отмечена как 'Узлы'; в архиве найден лист 33 керамогранита, отдельного файла узлов по этой строке не выявлено.","НАЙДЕНО, НАЛИЧИЕ УЗЛОВ ПОДТВЕРЖДЕНО",False,OCR выявил обозначение узлов на листе,55,55,036__ИС керамогранита фасад в_о 17-1_Т лист 7.pdf,"[{""path"": ""/home/runner/work/Graf/Graf/.work_sh550/downloads/19VALzVhQujQo4_Wu26QRJyrA0RIIp8jG_ИС керамогранита фасад в_о 17-1_Т лист 7.pdf"", ""label"": ""ИС керамогранита фасад в_о 17-1_Т лист 7.pdf"", ""pages"": [], ""drive_id"": ""19VALzVhQujQo4_Wu26QRJyrA0RIIp8jG"", ""sha256"": ""804378484b5d7e4c352ae1f3e292bbdbb4255d2b646b714e9bcf6c990780520f"", ""page_count"": 1}]",
керамогранит,37,42,Исполнительная схема цветового решения НВФ в/о 17-1/Т (лист 34),,"ООО ""ОСВ-Строй""",НАЙДЕНО В DRIVE / НЕ ВЫГРУЖЕНО В PDF,ИС цветового решения фасада.pdf,Анохин / Фасад в осях 17-1_Т,https://drive.google.com/file/d/1rHDh3Vn7PB9xyvzclPZI1nZREiU4IJwN/view?usp=drivesdk,,НАЙДЕНО И ПОДШИТО,False,,56,56,037__ИС цветового решения фасада.pdf,"[{""path"": ""/home/runner/work/Graf/Graf/.work_sh550/downloads/1rHDh3Vn7PB9xyvzclPZI1nZREiU4IJwN_ИС цветового решения фасада.pdf"", ""label"": ""ИС цветового решения фасада.pdf"", ""pages"": [], ""drive_id"": ""1rHDh3Vn7PB9xyvzclPZI1nZREiU4IJwN"", ""sha256"": ""fa3a5c56531459830fdfc2c2f38beba88c47a872c68b5e9c71763123b8d5cbc6"", ""page_count"": 1}]",
керамогранит,38,43,Исполнительная схема монтажа керамогранита НВФ в/о 2/Ж-Г,,"ООО ""ОСВ-Строй""",НАЙДЕНО В DRIVE / НЕ ВЫГРУЖЕНО В PDF,ИС керамогранита на фасаде в_о 2_Ж-Г.pdf,Анохин / Фасад в осях 2_Ж-Г,https://drive.google.com/file/d/1MClJAxgHJ43Fdz7eN_JcdK_b7wfdICcG/view?usp=drivesdk,,НАЙДЕНО И ПОДШИТО,False,,57,57,038__ИС керамогранита на фасаде в_о 2_Ж-Г.pdf,"[{""path"": ""/home/runner/work/Graf/Graf/.work_sh550/downloads/1MClJAxgHJ43Fdz7eN_JcdK_b7wfdICcG_ИС керамогранита на фасаде в_о 2_Ж-Г.pdf"", ""label"": ""ИС керамогранита на фасаде в_о 2_Ж-Г.pdf"", ""pages"": [], ""drive_id"": ""1MClJAxgHJ43Fdz7eN_JcdK_b7wfdICcG"", ""sha256"": ""546c16818c87938dc6854ee0f1fc6bfe3b1c705e6c23eb1461e4af5e297f7663"", ""page_count"": 1}]",
керамогранит,39,44,Исполнительная схема монтажа керамогранита НВФ в/о 2/Ж-Г. Узлы,,"ООО ""ОСВ-Строй""",НАЙДЕНО В DRIVE / НЕ ВЫГРУЖЕНО В PDF,ИС керамогранита на фасаде в_о 2_Ж-Г. Узлы.pdf,Анохин / Фасад в осях 2_Ж-Г,https://drive.google.com/file/d/12fuefFBsPgJIf195t9_OhS7eycQsvfHM/view?usp=drivesdk,,НАЙДЕНО И ПОДШИТО,False,,58,58,039__ИС керамогранита на фасаде в_о 2_Ж-Г. Узлы.pdf,"[{""path"": ""/home/runner/work/Graf/Graf/.work_sh550/downloads/12fuefFBsPgJIf195t9_OhS7eycQsvfHM_ИС керамогранита на фасаде в_о 2_Ж-Г. Узлы.pdf"", ""label"": ""ИС керамогранита на фасаде в_о 2_Ж-Г. Узлы.pdf"", ""pages"": [], ""drive_id"": ""12fuefFBsPgJIf195t9_OhS7eycQsvfHM"", ""sha256"": ""d8afb96ad78aaf136a348636afc39404ae0f6443745a023dc6df26da281a4e5a"", ""page_count"": 1}]",
керамогранит,40,45,Исполнительная схема цветового решения НВФ НВФ в/о 2/Ж-Г,,"ООО ""ОСВ-Строй""",НАЙДЕНО В DRIVE / НЕ ВЫГРУЖЕНО В PDF,ИС фасада в_о 2_Ж-Г. Цветовые решения.pdf,Анохин / Фасад в осях 2_Ж-Г,https://drive.google.com/file/d/1ioFC5K6EZfsj-xQOx5K_7EeylETW8FkC/view?usp=drivesdk,,НАЙДЕНО И ПОДШИТО,False,,59,59,040__ИС фасада в_о 2_Ж-Г. Цветовые решения.pdf,"[{""path"": ""/home/runner/work/Graf/Graf/.work_sh550/downloads/1ioFC5K6EZfsj-xQOx5K_7EeylETW8FkC_ИС фасада в_о 2_Ж-Г. Цветовые решения.pdf"", ""label"": ""ИС фасада в_о 2_Ж-Г. Цветовые решения.pdf"", ""pages"": [], ""drive_id"": ""1ioFC5K6EZfsj-xQOx5K_7EeylETW8FkC"", ""sha256"": ""40a5edfb90f2fedeb3e2cc4a3b0611232d39400668e795d46684dec370879b72"", ""page_count"": 1}]",
керамогранит,41,46,Исполнительная схема монтажа керамогранита НВФ в/о 2-7/В-Г,,"ООО ""ОСВ-Строй""",НАЙДЕНО В DRIVE / НЕ ВЫГРУЖЕНО В PDF,ИС керамогранита на фасаде в_о 2-7_В-Г.pdf,Анохин / Фасад в осях 2-7_В-Г,https://drive.google.com/file/d/1Qdj86wpO-3LwrMfe09VKJV4M7_HVt7TY/view?usp=drivesdk,,НАЙДЕНО И ПОДШИТО,False,,60,60,041__ИС керамогранита на фасаде в_о 2-7_В-Г.pdf,"[{""path"": ""/home/runner/work/Graf/Graf/.work_sh550/downloads/1Qdj86wpO-3LwrMfe09VKJV4M7_HVt7TY_ИС керамогранита на фасаде в_о 2-7_В-Г.pdf"", ""label"": ""ИС керамогранита на фасаде в_о 2-7_В-Г.pdf"", ""pages"": [], ""drive_id"": ""1Qdj86wpO-3LwrMfe09VKJV4M7_HVt7TY"", ""sha256"": ""46f2003e5830cd9ddb614bbcc6652fbe9d0258f8262e18546f524789d735be7e"", ""page_count"": 1}]",
керамогранит,42,47,Исполнительная схема монтажа керамогранита НВФ в/о 2-7/В-Г. Узлы,,"ООО ""ОСВ-Строй""",НАЙДЕНО В DRIVE / НЕ ВЫГРУЖЕНО В PDF,ИС керамогранита на фасаде в_о 2-7_В-Г. Узлы.pdf,Анохин / Фасад в осях 2-7_В-Г,https://drive.google.com/file/d/10Vl9ySeS0PlyPWxR4sEBITncOp-767Jp/view?usp=drivesdk,,НАЙДЕНО И ПОДШИТО,False,,61,61,042__ИС керамогранита на фасаде в_о 2-7_В-Г. Узлы.pdf,"[{""path"": ""/home/runner/work/Graf/Graf/.work_sh550/downloads/10Vl9ySeS0PlyPWxR4sEBITncOp-767Jp_ИС керамогранита на фасаде в_о 2-7_В-Г. Узлы.pdf"", ""label"": ""ИС керамогранита на фасаде в_о 2-7_В-Г. Узлы.pdf"", ""pages"": [], ""drive_id"": ""10Vl9ySeS0PlyPWxR4sEBITncOp-767Jp"", ""sha256"": ""5d23fecf81c39494db7ba8f453499e95d0b4d83ff64f54130054147fc7a0fe2d"", ""page_count"": 1}]",
керамогранит,43,48,Исполнительная схема цветового решения НВФ в/о 2-7/В-Г,,"ООО ""ОСВ-Строй""",НАЙДЕНО В DRIVE / НЕ ВЫГРУЖЕНО В PDF,ИС цветовое решение фасадов в_о 2-7_В-Г.pdf,Анохин / Фасад в осях 2-7_В-Г,https://drive.google.com/file/d/1RghLi0VXxi-LFaAXDZvKfn0HfJ-bOrN7/view?usp=drivesdk,,НАЙДЕНО И ПОДШИТО,False,,62,62,043__ИС цветовое решение фасадов в_о 2-7_В-Г.pdf,"[{""path"": ""/home/runner/work/Graf/Graf/.work_sh550/downloads/1RghLi0VXxi-LFaAXDZvKfn0HfJ-bOrN7_ИС цветовое решение фасадов в_о 2-7_В-Г.pdf"", ""label"": ""ИС цветовое решение фасадов в_о 2-7_В-Г.pdf"", ""pages"": [], ""drive_id"": ""1RghLi0VXxi-LFaAXDZvKfn0HfJ-bOrN7"", ""sha256"": ""b8e31f6e24b555147fa52f7b98e1505f3dc3e7bb041a429d6ca6476f11c7e78c"", ""page_count"": 1}]",
керамогранит,44,49,Исполнительная схема монтажа керамогранита НВФ в/о 2/Т-И и 3-6/И,,"ООО ""ОСВ-Строй""",НАЙДЕНО В DRIVE / ПРОВЕРИТЬ,ИС керамогранита на фасаде в_о 3_Т-И.pdf,Анохин / Фасад в осях 3_Т-И,https://drive.google.com/file/d/160fKptfsRy7DDyrnyr3SiRGjqyq8C4xt/view?usp=drivesdk,Частичное совпадение: в реестре оси 2/Т-И и 3-6/И; в архиве найден комплект по фасаду 3_Т-И.,ЧАСТИЧНОЕ СООТВЕТСТВИЕ — ЗАГЛУШКА + КАНДИДАТ,True,Частичное совпадение: в реестре оси 2/Т-И и 3-6/И; в архиве найден комплект по фасаду 3_Т-И.,63,64,044_00_PLACEHOLDER.pdf | 044__ИС керамогранита на фасаде в_о 3_Т-И.pdf,"[{""path"": ""/home/runner/work/Graf/Graf/.work_sh550/downloads/160fKptfsRy7DDyrnyr3SiRGjqyq8C4xt_ИС керамогранита на фасаде в_о 3_Т-И.pdf"", ""label"": ""ИС керамогранита на фасаде в_о 3_Т-И.pdf"", ""pages"": [], ""drive_id"": ""160fKptfsRy7DDyrnyr3SiRGjqyq8C4xt"", ""sha256"": ""b13f0a2f1cebca0a4bfd73ff560a8f4404ff94ac81405d09baedb6b934dac8da"", ""page_count"": 1}]",
керамогранит,45,50,Исполнительная схема цветового решения НВФ в/о 2/Т-И и 3-6/И,,"ООО ""ОСВ-Строй""",НАЙДЕНО В DRIVE / ПРОВЕРИТЬ,ИС цветового решения фасада в_о 3_Т-И.pdf,Анохин / Фасад в осях 3_Т-И,https://drive.google.com/file/d/1PK7Ue1US0swDq8ORAw6Cm-f7sS42Ccai/view?usp=drivesdk,Частичное совпадение: в реестре оси 2/Т-И и 3-6/И; в архиве найден комплект по фасаду 3_Т-И.,ЧАСТИЧНОЕ СООТВЕТСТВИЕ — ЗАГЛУШКА + КАНДИДАТ,True,Частичное совпадение: в реестре оси 2/Т-И и 3-6/И; в архиве найден комплект по фасаду 3_Т-И.,65,66,045_00_PLACEHOLDER.pdf | 045__ИС цветового решения фасада в_о 3_Т-И.pdf,"[{""path"": ""/home/runner/work/Graf/Graf/.work_sh550/downloads/1PK7Ue1US0swDq8ORAw6Cm-f7sS42Ccai_ИС цветового решения фасада в_о 3_Т-И.pdf"", ""label"": ""ИС цветового решения фасада в_о 3_Т-И.pdf"", ""pages"": [], ""drive_id"": ""1PK7Ue1US0swDq8ORAw6Cm-f7sS42Ccai"", ""sha256"": ""4143938ba180079223c81c9158d92379a8a217ef8ca00cae21d767e95fd54bde"", ""page_count"": 1}]",
керамогранит,46,51,Исполнительная схема монтажа керамогранита НВФ в/о 5-6/И-Е и 5-7/И,,"ООО ""ОСВ-Строй""",НАЙДЕНО В DRIVE / ПРОВЕРИТЬ,ИС керамогранита на фасаде в_о 5-7_Е-И.pdf,Анохин / Фасад в осях 5-7_Е-И,https://drive.google.com/file/d/1dlCm2EmHUr50PNjxiGHUBZ47IfGxyYLK/view?usp=drivesdk,Частичное совпадение: в реестре оси 5-6/И-Е и 5-7/И; в архиве найден комплект по фасаду 5-7_Е-И.,ЧАСТИЧНОЕ СООТВЕТСТВИЕ — ЗАГЛУШКА + КАНДИДАТ,True,Частичное совпадение: в реестре оси 5-6/И-Е и 5-7/И; в архиве найден комплект по фасаду 5-7_Е-И.,67,68,046_00_PLACEHOLDER.pdf | 046__ИС керамогранита на фасаде в_о 5-7_Е-И.pdf,"[{""path"": ""/home/runner/work/Graf/Graf/.work_sh550/downloads/1dlCm2EmHUr50PNjxiGHUBZ47IfGxyYLK_ИС керамогранита на фасаде в_о 5-7_Е-И.pdf"", ""label"": ""ИС керамогранита на фасаде в_о 5-7_Е-И.pdf"", ""pages"": [], ""drive_id"": ""1dlCm2EmHUr50PNjxiGHUBZ47IfGxyYLK"", ""sha256"": ""f9a6d94a2f09b0c2e7d139a149dc03a1445da2e011e0082eb5b126e07f5057ae"", ""page_count"": 1}]",
керамогранит,47,52,Исполнительная схема монтажа керамогранита НВФ в/о 5-6/И-Е и 5-7/И. Узлы,,"ООО ""ОСВ-Строй""",НАЙДЕНО В DRIVE / ПРОВЕРИТЬ,ИС керамогранита на фасаде в_о 5-7_Е-И. Узлы.pdf,Анохин / Фасад в осях 5-7_Е-И,https://drive.google.com/file/d/1oTDGGBorsO4ihGeVPVtQRZozGLi9GVWa/view?usp=drivesdk,Частичное совпадение: в реестре оси 5-6/И-Е и 5-7/И; в архиве найден комплект по фасаду 5-7_Е-И.,"НАЙДЕНО, НАЛИЧИЕ УЗЛОВ ПОДТВЕРЖДЕНО",False,OCR выявил обозначение узлов на листе,69,69,047__ИС керамогранита на фасаде в_о 5-7_Е-И. Узлы.pdf,"[{""path"": ""/home/runner/work/Graf/Graf/.work_sh550/downloads/1oTDGGBorsO4ihGeVPVtQRZozGLi9GVWa_ИС керамогранита на фасаде в_о 5-7_Е-И. Узлы.pdf"", ""label"": ""ИС керамогранита на фасаде в_о 5-7_Е-И. Узлы.pdf"", ""pages"": [], ""drive_id"": ""1oTDGGBorsO4ihGeVPVtQRZozGLi9GVWa"", ""sha256"": ""612dbd9ad12cf43676e8a6e4690079c66656322f1fe4be66942a695003538625"", ""page_count"": 1}]",
керамогранит,48,53,Исполнительная схема цветого решения НВФ в/о 5-6/И-Е и 5-7/И,,"ООО ""ОСВ-Строй""",НАЙДЕНО В DRIVE / ПРОВЕРИТЬ,ИС цветового решения фасада в_о 5-7_Е-И.pdf,Анохин / Фасад в осях 5-7_Е-И,https://drive.google.com/file/d/1UkcpQDTm_FOoPaOE_Yp4hCSGyD7p228D/view?usp=drivesdk,Частичное совпадение: в реестре оси 5-6/И-Е и 5-7/И; в архиве найден комплект по фасаду 5-7_Е-И.,ЧАСТИЧНОЕ СООТВЕТСТВИЕ — ЗАГЛУШКА + КАНДИДАТ,True,Частичное совпадение: в реестре оси 5-6/И-Е и 5-7/И; в архиве найден комплект по фасаду 5-7_Е-И.,70,71,048_00_PLACEHOLDER.pdf | 048__ИС цветового решения фасада в_о 5-7_Е-И.pdf,"[{""path"": ""/home/runner/work/Graf/Graf/.work_sh550/downloads/1UkcpQDTm_FOoPaOE_Yp4hCSGyD7p228D_ИС цветового решения фасада в_о 5-7_Е-И.pdf"", ""label"": ""ИС цветового решения фасада в_о 5-7_Е-И.pdf"", ""pages"": [], ""drive_id"": ""1UkcpQDTm_FOoPaOE_Yp4hCSGyD7p228D"", ""sha256"": ""4d42a6a83486e0341696986dad5735a9f9b74cf260719401c59f5904389410bc"", ""page_count"": 1}]",
керамогранит,49,54,Исполнительная схема монтажа керамогранита НВФ в/о 7/В-И ,,"ООО ""ОСВ-Строй""",НАЙДЕНО В DRIVE / НЕ ВЫГРУЖЕНО В PDF,ИС керамогранита на фасаде в_о 7_В-И.pdf,Анохин / Фасад в осях 7_В-И,https://drive.google.com/file/d/1ADPkREprLfrdgxn9Giyinu4DMbWgxXdm/view?usp=drivesdk,,НАЙДЕНО И ПОДШИТО,False,,72,72,049__ИС керамогранита на фасаде в_о 7_В-И.pdf,"[{""path"": ""/home/runner/work/Graf/Graf/.work_sh550/downloads/1ADPkREprLfrdgxn9Giyinu4DMbWgxXdm_ИС керамогранита на фасаде в_о 7_В-И.pdf"", ""label"": ""ИС керамогранита на фасаде в_о 7_В-И.pdf"", ""pages"": [], ""drive_id"": ""1ADPkREprLfrdgxn9Giyinu4DMbWgxXdm"", ""sha256"": ""51fbdad09065ee8c379e93722cea510e087d856c21875879979197b1205251fb"", ""page_count"": 1}]",
керамогранит,50,55,Исполнительная схема монтажа керамогранита НВФ в/о 7/В-И. Узлы,,"ООО ""ОСВ-Строй""",НАЙДЕНО В DRIVE / НЕ ВЫГРУЖЕНО В PDF,ИС керамогранита на фасаде в_о 7_В-И. Узлы.pdf,Анохин / Фасад в осях 7_В-И,https://drive.google.com/file/d/1kMUA4pyBe9mPT79o0c3sIJThh-zgjR2H/view?usp=drivesdk,,НАЙДЕНО И ПОДШИТО,False,,73,73,050__ИС керамогранита на фасаде в_о 7_В-И. Узлы.pdf,"[{""path"": ""/home/runner/work/Graf/Graf/.work_sh550/downloads/1kMUA4pyBe9mPT79o0c3sIJThh-zgjR2H_ИС керамогранита на фасаде в_о 7_В-И. Узлы.pdf"", ""label"": ""ИС керамогранита на фасаде в_о 7_В-И. Узлы.pdf"", ""pages"": [], ""drive_id"": ""1kMUA4pyBe9mPT79o0c3sIJThh-zgjR2H"", ""sha256"": ""8d18581f61e40a94cfba2f38c56088846f02f86d8bdb7ec9ca1fe0be76bac54c"", ""page_count"": 1}]",
керамогранит,51,56,Исполнительная схема цветового решения НВФ в/о 7/В-И ,,"ООО ""ОСВ-Строй""",НАЙДЕНО В DRIVE / НЕ ВЫГРУЖЕНО В PDF,ИС цветового решения фасада в_о 7_В-И.pdf,Анохин / Фасад в осях 7_В-И,https://drive.google.com/file/d/1YPZK1-qkZpw972ZK1XPXRsny21jrEez8/view?usp=drivesdk,,НАЙДЕНО И ПОДШИТО,False,,74,74,051__ИС цветового решения фасада в_о 7_В-И.pdf,"[{""path"": ""/home/runner/work/Graf/Graf/.work_sh550/downloads/1YPZK1-qkZpw972ZK1XPXRsny21jrEez8_ИС цветового решения фасада в_о 7_В-И.pdf"", ""label"": ""ИС цветового решения фасада в_о 7_В-И.pdf"", ""pages"": [], ""drive_id"": ""1YPZK1-qkZpw972ZK1XPXRsny21jrEez8"", ""sha256"": ""8316e8a0ac4d9e9b6ceee1a74b15de38caae2ad34b8d6bc793834d6d83c732e6"", ""page_count"": 1}]",
керамогранит,52,57,Исполнительная схема монтажа керамогранита НВФ в/о 7-13/И ,,"ООО ""ОСВ-Строй""",НАЙДЕНО В DRIVE / НЕ ВЫГРУЖЕНО В PDF,ИС керамогранита на фасаде в_о 7-13_И.pdf,Анохин / Фасад в осях 7-13_И,https://drive.google.com/file/d/1BwgLVYERVokB9rpRTlPdupntfmTIpB9w/view?usp=drivesdk,,НАЙДЕНО И ПОДШИТО,False,,75,75,052__ИС керамогранита на фасаде в_о 7-13_И.pdf,"[{""path"": ""/home/runner/work/Graf/Graf/.work_sh550/downloads/1BwgLVYERVokB9rpRTlPdupntfmTIpB9w_ИС керамогранита на фасаде в_о 7-13_И.pdf"", ""label"": ""ИС керамогранита на фасаде в_о 7-13_И.pdf"", ""pages"": [], ""drive_id"": ""1BwgLVYERVokB9rpRTlPdupntfmTIpB9w"", ""sha256"": ""cb85290a7a274271603e5ef730b6c30dc9ff8b108d653dba87f98e026073d9d6"", ""page_count"": 1}]",
керамогранит,53,58,Исполнительная схема монтажа керамогранита НВФ в/о 7-13/И. Узлы,,"ООО ""ОСВ-Строй""",НАЙДЕНО В DRIVE / НЕ ВЫГРУЖЕНО В PDF,ИС керамогранита на фасаде в_о 7-13_И. Узлы.pdf,Анохин / Фасад в осях 7-13_И,https://drive.google.com/file/d/1eA05vZAap9nT3BbtO5E97XxbLU0CAxod/view?usp=drivesdk,,НАЙДЕНО И ПОДШИТО,False,,76,76,053__ИС керамогранита на фасаде в_о 7-13_И. Узлы.pdf,"[{""path"": ""/home/runner/work/Graf/Graf/.work_sh550/downloads/1eA05vZAap9nT3BbtO5E97XxbLU0CAxod_ИС керамогранита на фасаде в_о 7-13_И. Узлы.pdf"", ""label"": ""ИС керамогранита на фасаде в_о 7-13_И. Узлы.pdf"", ""pages"": [], ""drive_id"": ""1eA05vZAap9nT3BbtO5E97XxbLU0CAxod"", ""sha256"": ""cf67f7f48b707f46f8b270809a2d936495748cb1e13c70ab0ed7c5edab2c6eb6"", ""page_count"": 1}]",
керамогранит,54,59,Исполнительная схема цветового решения НВФ в/о 7-13/И ,,"ООО ""ОСВ-Строй""",НАЙДЕНО В DRIVE / НЕ ВЫГРУЖЕНО В PDF,ИС цветового решения фасада в_о 7-13_И.pdf,Анохин / Фасад в осях 7-13_И,https://drive.google.com/file/d/193N8ecFGd8o3gZOIUhCKtNDDBBEcz46M/view?usp=drivesdk,,НАЙДЕНО И ПОДШИТО,False,,77,77,054__ИС цветового решения фасада в_о 7-13_И.pdf,"[{""path"": ""/home/runner/work/Graf/Graf/.work_sh550/downloads/193N8ecFGd8o3gZOIUhCKtNDDBBEcz46M_ИС цветового решения фасада в_о 7-13_И.pdf"", ""label"": ""ИС цветового решения фасада в_о 7-13_И.pdf"", ""pages"": [], ""drive_id"": ""193N8ecFGd8o3gZOIUhCKtNDDBBEcz46M"", ""sha256"": ""349976a52f0990803bae5b1382a31e59687d8e34e7a0f8410da8d2aad1668449"", ""page_count"": 1}]",
керамогранит,55,60,Исполнительная схема монтажа керамогранита НВФ в/о 12-15/В-А ,,"ООО ""ОСВ-Строй""",НАЙДЕНО В DRIVE / НЕ ВЫГРУЖЕНО В PDF,ИС керамогранита на фасаде в_о 12-15_В-А.pdf,Анохин / Фасад в осях 12-15_В-А,https://drive.google.com/file/d/1aBcYd1oBkGNmG_0RFeEOF3CwhBV7QN77/view?usp=drivesdk,,НАЙДЕНО И ПОДШИТО,False,,78,78,055__ИС керамогранита на фасаде в_о 12-15_В-А.pdf,"[{""path"": ""/home/runner/work/Graf/Graf/.work_sh550/downloads/1aBcYd1oBkGNmG_0RFeEOF3CwhBV7QN77_ИС керамогранита на фасаде в_о 12-15_В-А.pdf"", ""label"": ""ИС керамогранита на фасаде в_о 12-15_В-А.pdf"", ""pages"": [], ""drive_id"": ""1aBcYd1oBkGNmG_0RFeEOF3CwhBV7QN77"", ""sha256"": ""01cf8b206e065ea1c77daf3fc35adfe9f501b174ebca46f867dc712f01a47c82"", ""page_count"": 1}]",
керамогранит,56,61,Исполнительная схема монтажа керамогранита НВФ в/о 13-17/В-А ,,"ООО ""ОСВ-Строй""",НАЙДЕНО В DRIVE / ПРОВЕРИТЬ,ИС керамогранита на фасаде в_о 13-16_В-А.pdf; ИС керамогранита на фасаде в_о 15-17_В-А.pdf,Анохин / Фасад в осях 13-16_В-А; Анохин / Фасад в осях 15-17_В-А,https://drive.google.com/file/d/1aRuoHtbZS0Xc9bTGY5QvD2ernUdXx1B1/view?usp=drivesdk; https://drive.google.com/file/d/1tWVjErSWIY-lj-Shal0iJrFgsQE_5_2I/view?usp=drivesdk,Частичное совпадение: строка 13-17/В-А закрыта двумя найденными файлами 13-16/В-А и 15-17/В-А.,ЧАСТИЧНОЕ СООТВЕТСТВИЕ — ЗАГЛУШКА + КАНДИДАТ,True,Частичное совпадение: строка 13-17/В-А закрыта двумя найденными файлами 13-16/В-А и 15-17/В-А.,79,81,056_00_PLACEHOLDER.pdf | 056_a_ИС керамогранита на фасаде в_о 13-16_В-А.pdf | 056_b_ИС керамогранита на фасаде в_о 15-17_В-А.pdf,"[{""path"": ""/home/runner/work/Graf/Graf/.work_sh550/downloads/1aRuoHtbZS0Xc9bTGY5QvD2ernUdXx1B1_ИС керамогранита на фасаде в_о 13-16_В-А.pdf"", ""label"": ""ИС керамогранита на фасаде в_о 13-16_В-А.pdf"", ""pages"": [], ""drive_id"": ""1aRuoHtbZS0Xc9bTGY5QvD2ernUdXx1B1"", ""sha256"": ""1e0feb2870b967a19925046a7455b2d9b3ace93083ca0adeb54d3e9c6ca63869"", ""page_count"": 1}, {""path"": ""/home/runner/work/Graf/Graf/.work_sh550/downloads/1tWVjErSWIY-lj-Shal0iJrFgsQE_5_2I_ИС керамогранита на фасаде в_о 15-17_В-А.pdf"", ""label"": ""ИС керамогранита на фасаде в_о 15-17_В-А.pdf"", ""pages"": [], ""drive_id"": ""1tWVjErSWIY-lj-Shal0iJrFgsQE_5_2I"", ""sha256"": ""539164591d5921cdb6c8a680816a6a1d8db7771425e084086ccc0d40eebb72f0"", ""page_count"": 1}]",
керамогранит,57,62,Исполнительная схема монтажа керамогранита НВФ в/о 12-17/В-А. Узлы ,,"ООО ""ОСВ-Строй""",НАЙДЕНО В DRIVE / НЕ ВЫГРУЖЕНО В PDF,ИС керамогранита на фасаде в_о 12-17_В-А  Узлы.pdf,Анохин / Фасад в осях 12-17_В-А,https://drive.google.com/file/d/18jXA-RLxzFUPB5pn1GJ1V3C5MxorpSHC/view?usp=drivesdk,,НАЙДЕНО И ПОДШИТО,False,,82,82,057__ИС керамогранита на фасаде в_о 12-17_В-А Узлы.pdf,"[{""path"": ""/home/runner/work/Graf/Graf/.work_sh550/downloads/18jXA-RLxzFUPB5pn1GJ1V3C5MxorpSHC_ИС керамогранита на фасаде в_о 12-17_В-А Узлы.pdf"", ""label"": ""ИС керамогранита на фасаде в_о 12-17_В-А  Узлы.pdf"", ""pages"": [], ""drive_id"": ""18jXA-RLxzFUPB5pn1GJ1V3C5MxorpSHC"", ""sha256"": ""c23ffab68c6e0f057409c1f6b4939d2681e1f37675efb9546028c676fdea3e4f"", ""page_count"": 1}]",
керамогранит,58,63,Исполнительная схема цветового решения НВФ в/о 15-12/Б-В ,,"ООО ""ОСВ-Строй""",НАЙДЕНО В DRIVE / НЕ ВЫГРУЖЕНО В PDF,ИС цветового решения НВФ в_о 15-12_Б-В.pdf,Анохин / Фасад в осях 15-12_Б-В,https://drive.google.com/file/d/1LIOtwVkMKqwGs8pRbLxDcxR8ZOubdqx7/view?usp=drivesdk,,НАЙДЕНО И ПОДШИТО,False,,83,83,058__ИС цветового решения НВФ в_о 15-12_Б-В.pdf,"[{""path"": ""/home/runner/work/Graf/Graf/.work_sh550/downloads/1LIOtwVkMKqwGs8pRbLxDcxR8ZOubdqx7_ИС цветового решения НВФ в_о 15-12_Б-В.pdf"", ""label"": ""ИС цветового решения НВФ в_о 15-12_Б-В.pdf"", ""pages"": [], ""drive_id"": ""1LIOtwVkMKqwGs8pRbLxDcxR8ZOubdqx7"", ""sha256"": ""4333590e84bb109b964961dde11a04f6ee7ceb1076779ee91bcb3af2afe33a50"", ""page_count"": 1}]",
керамогранит,59,64,Исполнительная схема цветового решения НВФ в/о 13-17/В-А ,,"ООО ""ОСВ-Строй""",НАЙДЕНО В DRIVE / НЕ ВЫГРУЖЕНО В PDF,ИС цветового решения НВФ в_о 13-17_В-А.pdf,Анохин / Фасад в осях 13-17_В-А,https://drive.google.com/file/d/1jIPoontiRM0VQ2vxQRPzyd9_XM25nWRt/view?usp=drivesdk,,НАЙДЕНО И ПОДШИТО,False,,84,84,059__ИС цветового решения НВФ в_о 13-17_В-А.pdf,"[{""path"": ""/home/runner/work/Graf/Graf/.work_sh550/downloads/1jIPoontiRM0VQ2vxQRPzyd9_XM25nWRt_ИС цветового решения НВФ в_о 13-17_В-А.pdf"", ""label"": ""ИС цветового решения НВФ в_о 13-17_В-А.pdf"", ""pages"": [], ""drive_id"": ""1jIPoontiRM0VQ2vxQRPzyd9_XM25nWRt"", ""sha256"": ""da82827123a8cfd7f230efb6694004efb249e31e5e635beb6ebf6ba1ab19fbf2"", ""page_count"": 1}]",
керамогранит,60,65,Исполнительная схема монтажа керамогранита НВФ в/о 13/И-В,,"ООО ""ОСВ-Строй""",НАЙДЕНО В DRIVE / НЕ ВЫГРУЖЕНО В PDF,ИС керамогранита на фасаде в_о 13_И-В.pdf,Анохин / Фасад в осях 13_И-В,https://drive.google.com/file/d/1n2qzcHvwZ4BcCqxvAr8HQK_YrPcnjKi1/view?usp=drivesdk,,НАЙДЕНО И ПОДШИТО,False,,85,85,060__ИС керамогранита на фасаде в_о 13_И-В.pdf,"[{""path"": ""/home/runner/work/Graf/Graf/.work_sh550/downloads/1n2qzcHvwZ4BcCqxvAr8HQK_YrPcnjKi1_ИС керамогранита на фасаде в_о 13_И-В.pdf"", ""label"": ""ИС керамогранита на фасаде в_о 13_И-В.pdf"", ""pages"": [], ""drive_id"": ""1n2qzcHvwZ4BcCqxvAr8HQK_YrPcnjKi1"", ""sha256"": ""21d2834dd30efb7a8a8d35898a013f234e599f0c8f2ec857e9489d58dfe8a7a1"", ""page_count"": 1}]",
керамогранит,61,66,Исполнительная схема монтажа керамогранита НВФ в/о 13/И-В. Узлы,,"ООО ""ОСВ-Строй""",НАЙДЕНО В DRIVE / НЕ ВЫГРУЖЕНО В PDF,ИС керамогранита на фасаде в_о 13_И-В  Узлы.pdf,Анохин / Фасад в осях 13_И-В,https://drive.google.com/file/d/1ti2ge1DcRL3N7uYJyFi4IvkN5OyuyDnO/view?usp=drivesdk,,НАЙДЕНО И ПОДШИТО,False,,86,86,061__ИС керамогранита на фасаде в_о 13_И-В Узлы.pdf,"[{""path"": ""/home/runner/work/Graf/Graf/.work_sh550/downloads/1ti2ge1DcRL3N7uYJyFi4IvkN5OyuyDnO_ИС керамогранита на фасаде в_о 13_И-В Узлы.pdf"", ""label"": ""ИС керамогранита на фасаде в_о 13_И-В  Узлы.pdf"", ""pages"": [], ""drive_id"": ""1ti2ge1DcRL3N7uYJyFi4IvkN5OyuyDnO"", ""sha256"": ""45f5d3cce60bebb28f8a6c49b1adb191e992e564aff00c3442ab5629ecf2faed"", ""page_count"": 1}]",
керамогранит,62,67,Исполнительная схема цветового решения НВФ в/о 13/И-В,,"ООО ""ОСВ-Строй""",НАЙДЕНО В DRIVE / НЕ ВЫГРУЖЕНО В PDF,ИС цветового решения НВФ в_о 13_И-В.pdf,Анохин / Фасад в осях 13_И-В,https://drive.google.com/file/d/1ed3PV6d4km6e_8OGy1rTRCSPnZtJXGwc/view?usp=drivesdk,,НАЙДЕНО И ПОДШИТО,False,,87,87,062__ИС цветового решения НВФ в_о 13_И-В.pdf,"[{""path"": ""/home/runner/work/Graf/Graf/.work_sh550/downloads/1ed3PV6d4km6e_8OGy1rTRCSPnZtJXGwc_ИС цветового решения НВФ в_о 13_И-В.pdf"", ""label"": ""ИС цветового решения НВФ в_о 13_И-В.pdf"", ""pages"": [], ""drive_id"": ""1ed3PV6d4km6e_8OGy1rTRCSPnZtJXGwc"", ""sha256"": ""3a32cd4d5d044c044d32e3fd1b8d78aff4687934d850e502e1e228d297626e2f"", ""page_count"": 1}]",
керамогранит,63,68,Исполнительная схема монтажа керамогранита НВФ в/о 17/А-Т,,"ООО ""ОСВ-Строй""",НАЙДЕНО В DRIVE / НЕ ВЫГРУЖЕНО В PDF,ИС керамогранита на фасаде в_о 17_А-Т.pdf,Анохин / Фасад в осях 17_А-Т,https://drive.google.com/file/d/1YJO-1-JlXsMU4FlSyeB2GnpBB2lFpt6T/view?usp=drivesdk,,НАЙДЕНО И ПОДШИТО,False,,88,88,063__ИС керамогранита на фасаде в_о 17_А-Т.pdf,"[{""path"": ""/home/runner/work/Graf/Graf/.work_sh550/downloads/1YJO-1-JlXsMU4FlSyeB2GnpBB2lFpt6T_ИС керамогранита на фасаде в_о 17_А-Т.pdf"", ""label"": ""ИС керамогранита на фасаде в_о 17_А-Т.pdf"", ""pages"": [], ""drive_id"": ""1YJO-1-JlXsMU4FlSyeB2GnpBB2lFpt6T"", ""sha256"": ""47de18359c9c104b51334b8ab92e52eb19c220a1feb324e00e1a169396d27f6b"", ""page_count"": 1}]",
керамогранит,64,69,Исполнительная схема цветового решения НВФ в/о 17/А-Т ,,"ООО ""ОСВ-Строй""",НАЙДЕНО В DRIVE / НЕ ВЫГРУЖЕНО В PDF,ИС цветового решения НВФ в_о 17_А-Т.pdf,Анохин / Фасад в осях 17_А-Т,https://drive.google.com/file/d/1NzBnH-TgCNwqeyJG0pV3Sie0ZLiDzHQl/view?usp=drivesdk,,НАЙДЕНО И ПОДШИТО,False,,89,89,064__ИС цветового решения НВФ в_о 17_А-Т.pdf,"[{""path"": ""/home/runner/work/Graf/Graf/.work_sh550/downloads/1NzBnH-TgCNwqeyJG0pV3Sie0ZLiDzHQl_ИС цветового решения НВФ в_о 17_А-Т.pdf"", ""label"": ""ИС цветового решения НВФ в_о 17_А-Т.pdf"", ""pages"": [], ""drive_id"": ""1NzBnH-TgCNwqeyJG0pV3Sie0ZLiDzHQl"", ""sha256"": ""178acad546fcf38ad8910763e16ff2c24a304d85b503567cde2ca8801bb0975b"", ""page_count"": 1}]",
